{
    "is_employee": false,
    "is_friend": false,
    "subreddit": {
        "default_set": true,
        "user_is_contributor": null,
        "banner_img": "",
        "allowed_media_in_comments": [],
        "user_is_banned": null,
        "free_form_reports": true,
        "community_icon": null,
        "show_media": true,
        "icon_color": "",
        "user_is_muted": null,
        "display_name": "u_-SineNomine-",
        "header_img": null,
        "title": "",
        "previous_names": [],
        "over_18": false,
        "icon_size": [
            256,
            256
        ],
        "primary_color": "",
        "icon_img": "https://styles.redditmedia.com/t5_c9lsx/styles/profileIcon_xlkqpy32mti81.jpg?width=256&amp;height=256&amp;crop=256:256,smart&amp;s=3764a8d242699b1ddd17f2f6a131a9ed16fab9ea",
        "description": "",
        "submit_link_label": "",
        "header_size": null,
        "restrict_posting": true,
        "restrict_commenting": false,
        "subscribers": 0,
        "submit_text_label": "",
        "is_default_icon": false,
        "link_flair_position": "",
        "display_name_prefixed": "u/-SineNomine-",
        "key_color": "",
        "name": "t5_c9lsx",
        "is_default_banner": true,
        "url": "/user/-SineNomine-/",
        "quarantine": false,
        "banner_size": null,
        "user_is_moderator": null,
        "accept_followers": true,
        "public_description": "",
        "link_flair_enabled": false,
        "disable_contributor_requests": false,
        "subreddit_type": "user",
        "user_is_subscriber": null
    },
    "snoovatar_size": null,
    "awardee_karma": 0,
    "id": "wcff0",
    "verified": true,
    "is_gold": false,
    "is_mod": false,
    "awarder_karma": 0,
    "has_verified_email": true,
    "icon_img": "https://styles.redditmedia.com/t5_c9lsx/styles/profileIcon_xlkqpy32mti81.jpg?width=256&amp;height=256&amp;crop=256:256,smart&amp;s=3764a8d242699b1ddd17f2f6a131a9ed16fab9ea",
    "hide_from_robots": false,
    "link_karma": 66,
    "is_blocked": false,
    "total_karma": 13513,
    "pref_show_snoovatar": false,
    "name": "-SineNomine-",
    "created": 1457776039.0,
    "created_utc": 1457776039.0,
    "snoovatar_img": "",
    "comment_karma": 13447,
    "accept_followers": true,
    "has_subscribed": true
}