{
    "is_employee": false,
    "is_friend": false,
    "subreddit": {
        "default_set": false,
        "user_is_contributor": null,
        "banner_img": "",
        "allowed_media_in_comments": [],
        "user_is_banned": null,
        "free_form_reports": true,
        "community_icon": null,
        "show_media": true,
        "icon_color": "",
        "user_is_muted": null,
        "display_name": "u_AckCK2020",
        "header_img": null,
        "title": "AmyK",
        "previous_names": [],
        "over_18": false,
        "icon_size": [
            256,
            256
        ],
        "primary_color": "",
        "icon_img": "https://styles.redditmedia.com/t5_6ypmpd/styles/profileIcon_snoo9f92b524-29ba-4283-93b1-0c3ae96c371e-headshot.png?width=256&amp;height=256&amp;crop=256:256,smart&amp;s=7d0eb4596ef8743a82786430bcf0c9af229ce686",
        "description": "",
        "submit_link_label": "",
        "header_size": null,
        "restrict_posting": true,
        "restrict_commenting": false,
        "subscribers": 0,
        "submit_text_label": "",
        "is_default_icon": false,
        "link_flair_position": "",
        "display_name_prefixed": "u/AckCK2020",
        "key_color": "",
        "name": "t5_6ypmpd",
        "is_default_banner": true,
        "url": "/user/AckCK2020/",
        "quarantine": false,
        "banner_size": null,
        "user_is_moderator": null,
        "accept_followers": true,
        "public_description": "East Coast, liberal, attorney, extensive experience living with cats.",
        "link_flair_enabled": false,
        "disable_contributor_requests": false,
        "subreddit_type": "user",
        "user_is_subscriber": null
    },
    "snoovatar_size": [
        380,
        600
    ],
    "awardee_karma": 0,
    "id": "s2f2jt24",
    "verified": true,
    "is_gold": false,
    "is_mod": false,
    "awarder_karma": 0,
    "has_verified_email": true,
    "icon_img": "https://styles.redditmedia.com/t5_6ypmpd/styles/profileIcon_snoo9f92b524-29ba-4283-93b1-0c3ae96c371e-headshot.png?width=256&amp;height=256&amp;crop=256:256,smart&amp;s=7d0eb4596ef8743a82786430bcf0c9af229ce686",
    "hide_from_robots": false,
    "link_karma": 388,
    "is_blocked": false,
    "total_karma": 3582,
    "pref_show_snoovatar": false,
    "name": "AckCK2020",
    "created": 1661918040.0,
    "created_utc": 1661918040.0,
    "snoovatar_img": "https://i.redd.it/snoovatar/avatars/9f92b524-29ba-4283-93b1-0c3ae96c371e.png",
    "comment_karma": 3194,
    "accept_followers": true,
    "has_subscribed": true
}