{
    "is_employee": false,
    "is_friend": false,
    "subreddit": {
        "default_set": true,
        "user_is_contributor": null,
        "banner_img": "",
        "allowed_media_in_comments": [],
        "user_is_banned": null,
        "free_form_reports": true,
        "community_icon": null,
        "show_media": true,
        "icon_color": "",
        "user_is_muted": null,
        "display_name": "u_act1856",
        "header_img": null,
        "title": "",
        "previous_names": [],
        "over_18": true,
        "icon_size": [
            256,
            256
        ],
        "primary_color": "",
        "icon_img": "https://styles.redditmedia.com/t5_bpmkh/styles/profileIcon_snoof9553274-2c3d-4b97-9faa-8d0b152be351-headshot.png?width=256&amp;height=256&amp;crop=256:256,smart&amp;s=c990ddc3391c15e75aa70e096a756dac3cc79440",
        "description": "",
        "submit_link_label": "",
        "header_size": null,
        "restrict_posting": true,
        "restrict_commenting": false,
        "subscribers": 0,
        "submit_text_label": "",
        "is_default_icon": false,
        "link_flair_position": "",
        "display_name_prefixed": "u/act1856",
        "key_color": "",
        "name": "t5_bpmkh",
        "is_default_banner": true,
        "url": "/user/act1856/",
        "quarantine": false,
        "banner_size": null,
        "user_is_moderator": null,
        "accept_followers": true,
        "public_description": "",
        "link_flair_enabled": false,
        "disable_contributor_requests": false,
        "subreddit_type": "user",
        "user_is_subscriber": null
    },
    "snoovatar_size": [
        380,
        600
    ],
    "awardee_karma": 0,
    "id": "gnvbz",
    "verified": true,
    "is_gold": false,
    "is_mod": false,
    "awarder_karma": 0,
    "has_verified_email": true,
    "icon_img": "https://styles.redditmedia.com/t5_bpmkh/styles/profileIcon_snoof9553274-2c3d-4b97-9faa-8d0b152be351-headshot.png?width=256&amp;height=256&amp;crop=256:256,smart&amp;s=c990ddc3391c15e75aa70e096a756dac3cc79440",
    "hide_from_robots": false,
    "link_karma": 829,
    "is_blocked": false,
    "total_karma": 13727,
    "pref_show_snoovatar": false,
    "name": "act1856",
    "created": 1400708613.0,
    "created_utc": 1400708613.0,
    "snoovatar_img": "https://i.redd.it/snoovatar/avatars/f9553274-2c3d-4b97-9faa-8d0b152be351.png",
    "comment_karma": 12898,
    "accept_followers": true,
    "has_subscribed": true
}