{
    "is_employee": false,
    "is_friend": false,
    "subreddit": {
        "default_set": true,
        "user_is_contributor": null,
        "banner_img": "",
        "allowed_media_in_comments": [],
        "user_is_banned": null,
        "free_form_reports": true,
        "community_icon": null,
        "show_media": true,
        "icon_color": "",
        "user_is_muted": null,
        "display_name": "u_Actual__Wizard",
        "header_img": null,
        "title": "",
        "previous_names": [],
        "over_18": false,
        "icon_size": [
            256,
            256
        ],
        "primary_color": "",
        "icon_img": "https://styles.redditmedia.com/t5_lnfmw/styles/profileIcon_snoo408e4b40-3c4c-4dbb-8559-1329bcc74bb4-headshot.png?width=256&amp;height=256&amp;crop=256:256,smart&amp;s=c3ae4773b94d155c3f6401bed78469e69ce627e7",
        "description": "",
        "submit_link_label": "",
        "header_size": null,
        "restrict_posting": true,
        "restrict_commenting": false,
        "subscribers": 0,
        "submit_text_label": "",
        "is_default_icon": false,
        "link_flair_position": "",
        "display_name_prefixed": "u/Actual__Wizard",
        "key_color": "",
        "name": "t5_lnfmw",
        "is_default_banner": true,
        "url": "/user/Actual__Wizard/",
        "quarantine": false,
        "banner_size": null,
        "user_is_moderator": null,
        "accept_followers": true,
        "public_description": "",
        "link_flair_enabled": false,
        "disable_contributor_requests": false,
        "subreddit_type": "user",
        "user_is_subscriber": null
    },
    "snoovatar_size": [
        380,
        600
    ],
    "awardee_karma": 0,
    "id": "c1svdpi",
    "verified": true,
    "is_gold": false,
    "is_mod": false,
    "awarder_karma": 0,
    "has_verified_email": true,
    "icon_img": "https://styles.redditmedia.com/t5_lnfmw/styles/profileIcon_snoo408e4b40-3c4c-4dbb-8559-1329bcc74bb4-headshot.png?width=256&amp;height=256&amp;crop=256:256,smart&amp;s=c3ae4773b94d155c3f6401bed78469e69ce627e7",
    "hide_from_robots": false,
    "link_karma": 36971,
    "is_blocked": false,
    "total_karma": 838026,
    "pref_show_snoovatar": false,
    "name": "Actual__Wizard",
    "created": 1531353007.0,
    "created_utc": 1531353007.0,
    "snoovatar_img": "https://i.redd.it/snoovatar/avatars/408e4b40-3c4c-4dbb-8559-1329bcc74bb4.png",
    "comment_karma": 801055,
    "accept_followers": true,
    "has_subscribed": true
}