{
    "is_employee": false,
    "is_friend": false,
    "subreddit": {
        "default_set": true,
        "user_is_contributor": null,
        "banner_img": "",
        "allowed_media_in_comments": [],
        "user_is_banned": null,
        "free_form_reports": true,
        "community_icon": null,
        "show_media": true,
        "icon_color": "",
        "user_is_muted": null,
        "display_name": "u_Actual_Emu_168",
        "header_img": null,
        "title": "Emu",
        "previous_names": [],
        "over_18": true,
        "icon_size": [
            256,
            256
        ],
        "primary_color": "",
        "icon_img": "https://i.redd.it/snoovatar/avatars/328d5448-0ce4-42a8-853a-5fe72a482308-headshot.png",
        "description": "",
        "submit_link_label": "",
        "header_size": null,
        "restrict_posting": true,
        "restrict_commenting": false,
        "subscribers": 0,
        "submit_text_label": "",
        "is_default_icon": false,
        "link_flair_position": "",
        "display_name_prefixed": "u/Actual_Emu_168",
        "key_color": "",
        "name": "t5_f5iqf9",
        "is_default_banner": true,
        "url": "/user/Actual_Emu_168/",
        "quarantine": false,
        "banner_size": null,
        "user_is_moderator": null,
        "accept_followers": true,
        "public_description": "Haii! i'm E.m.u.\nI don't use this much, sorriie ",
        "link_flair_enabled": false,
        "disable_contributor_requests": false,
        "subreddit_type": "user",
        "user_is_subscriber": null
    },
    "snoovatar_size": [
        380,
        600
    ],
    "awardee_karma": 0,
    "id": "1vbppm86hl",
    "verified": true,
    "is_gold": false,
    "is_mod": true,
    "awarder_karma": 0,
    "has_verified_email": true,
    "icon_img": "https://i.redd.it/snoovatar/avatars/328d5448-0ce4-42a8-853a-5fe72a482308-headshot.png",
    "hide_from_robots": false,
    "link_karma": 193,
    "is_blocked": false,
    "total_karma": 4038,
    "pref_show_snoovatar": false,
    "name": "Actual_Emu_168",
    "created": 1754966068.0,
    "created_utc": 1754966068.0,
    "snoovatar_img": "https://i.redd.it/snoovatar/avatars/328d5448-0ce4-42a8-853a-5fe72a482308.png",
    "comment_karma": 3845,
    "accept_followers": true,
    "has_subscribed": true
}