{
    "is_employee": false,
    "is_friend": false,
    "subreddit": {
        "default_set": true,
        "user_is_contributor": null,
        "banner_img": "",
        "allowed_media_in_comments": [],
        "user_is_banned": null,
        "free_form_reports": true,
        "community_icon": null,
        "show_media": true,
        "icon_color": "",
        "user_is_muted": null,
        "display_name": "u_Adavanter_MKI",
        "header_img": null,
        "title": "",
        "previous_names": [],
        "over_18": false,
        "icon_size": [
            256,
            256
        ],
        "primary_color": "",
        "icon_img": "https://styles.redditmedia.com/t5_8dgqcw/styles/profileIcon_snoo249a66dc-4e6b-4312-bbaf-1c7bb8aea65c-headshot.png?width=256&amp;height=256&amp;crop=256:256,smart&amp;s=d4229fb64cfe51a20b54c235aeae66d95d648dfb",
        "description": "",
        "submit_link_label": "",
        "header_size": null,
        "restrict_posting": true,
        "restrict_commenting": false,
        "subscribers": 0,
        "submit_text_label": "",
        "is_default_icon": false,
        "link_flair_position": "",
        "display_name_prefixed": "u/Adavanter_MKI",
        "key_color": "",
        "name": "t5_8dgqcw",
        "is_default_banner": true,
        "url": "/user/Adavanter_MKI/",
        "quarantine": false,
        "banner_size": null,
        "user_is_moderator": null,
        "accept_followers": true,
        "public_description": "",
        "link_flair_enabled": false,
        "disable_contributor_requests": false,
        "subreddit_type": "user",
        "user_is_subscriber": null
    },
    "snoovatar_size": [
        380,
        600
    ],
    "awardee_karma": 0,
    "id": "95ijj1bnw",
    "verified": true,
    "is_gold": false,
    "is_mod": false,
    "awarder_karma": 0,
    "has_verified_email": true,
    "icon_img": "https://styles.redditmedia.com/t5_8dgqcw/styles/profileIcon_snoo249a66dc-4e6b-4312-bbaf-1c7bb8aea65c-headshot.png?width=256&amp;height=256&amp;crop=256:256,smart&amp;s=d4229fb64cfe51a20b54c235aeae66d95d648dfb",
    "hide_from_robots": false,
    "link_karma": 2,
    "is_blocked": false,
    "total_karma": 236299,
    "pref_show_snoovatar": false,
    "name": "Adavanter_MKI",
    "created": 1683615719.0,
    "created_utc": 1683615719.0,
    "snoovatar_img": "https://i.redd.it/snoovatar/avatars/249a66dc-4e6b-4312-bbaf-1c7bb8aea65c.png",
    "comment_karma": 236297,
    "accept_followers": true,
    "has_subscribed": true
}