{
    "is_employee": false,
    "is_friend": false,
    "subreddit": {
        "default_set": true,
        "user_is_contributor": null,
        "banner_img": "https://styles.redditmedia.com/t5_3tnql7/styles/profileBanner_o0ylaup1z0k61.jpg?width=1280&amp;height=384&amp;crop=1280:384,smart&amp;s=554ce644d6c56a09569752229974231e32941df6",
        "allowed_media_in_comments": [],
        "user_is_banned": null,
        "free_form_reports": true,
        "community_icon": null,
        "show_media": true,
        "icon_color": "",
        "user_is_muted": null,
        "display_name": "u_AdmirableCountry9933",
        "header_img": null,
        "title": "Moosepants224 ",
        "previous_names": [],
        "over_18": true,
        "icon_size": [
            256,
            256
        ],
        "primary_color": "",
        "icon_img": "https://styles.redditmedia.com/t5_3tnql7/styles/profileIcon_snoo-nftv2_bmZ0X2VpcDE1NToxMzdfYzhkM2EzYTgzYmRlNWRhZDA2ZDQzNjY5NGUzZTIyYWMzZTY0ZDU3N18xOTc4NTcz_rare_78bd314a-f4e6-487b-ab35-6068522ff9c7-headshot.png?width=256&amp;height=256&amp;crop=256:256,smart&amp;s=8efe1d34e0bf3a9e1115463763c441d097bacfa7",
        "description": "",
        "submit_link_label": "",
        "header_size": null,
        "restrict_posting": true,
        "restrict_commenting": false,
        "subscribers": 0,
        "submit_text_label": "",
        "is_default_icon": false,
        "link_flair_position": "",
        "display_name_prefixed": "u/AdmirableCountry9933",
        "key_color": "",
        "name": "t5_3tnql7",
        "is_default_banner": false,
        "url": "/user/AdmirableCountry9933/",
        "quarantine": false,
        "banner_size": [
            1280,
            384
        ],
        "user_is_moderator": null,
        "accept_followers": true,
        "public_description": "",
        "link_flair_enabled": false,
        "disable_contributor_requests": false,
        "subreddit_type": "user",
        "user_is_subscriber": null
    },
    "snoovatar_size": [
        380,
        600
    ],
    "awardee_karma": 0,
    "id": "8w1yiucp",
    "verified": true,
    "is_gold": false,
    "is_mod": false,
    "awarder_karma": 0,
    "has_verified_email": true,
    "icon_img": "https://styles.redditmedia.com/t5_3tnql7/styles/profileIcon_snoo-nftv2_bmZ0X2VpcDE1NToxMzdfYzhkM2EzYTgzYmRlNWRhZDA2ZDQzNjY5NGUzZTIyYWMzZTY0ZDU3N18xOTc4NTcz_rare_78bd314a-f4e6-487b-ab35-6068522ff9c7-headshot.png?width=256&amp;height=256&amp;crop=256:256,smart&amp;s=8efe1d34e0bf3a9e1115463763c441d097bacfa7",
    "hide_from_robots": true,
    "link_karma": 137,
    "is_blocked": false,
    "total_karma": 30325,
    "pref_show_snoovatar": false,
    "name": "AdmirableCountry9933",
    "created": 1611860367.0,
    "created_utc": 1611860367.0,
    "snoovatar_img": "https://i.redd.it/snoovatar/avatars/nftv2_bmZ0X2VpcDE1NToxMzdfYzhkM2EzYTgzYmRlNWRhZDA2ZDQzNjY5NGUzZTIyYWMzZTY0ZDU3N18xOTc4NTcz_rare_78bd314a-f4e6-487b-ab35-6068522ff9c7.png",
    "comment_karma": 30188,
    "accept_followers": true,
    "has_subscribed": true
}