{
    "is_employee": false,
    "is_friend": false,
    "subreddit": {
        "default_set": false,
        "user_is_contributor": null,
        "banner_img": "",
        "allowed_media_in_comments": [],
        "user_is_banned": null,
        "free_form_reports": true,
        "community_icon": null,
        "show_media": true,
        "icon_color": "",
        "user_is_muted": null,
        "display_name": "u_adoreroda",
        "header_img": null,
        "title": "",
        "previous_names": [],
        "over_18": false,
        "icon_size": [
            256,
            256
        ],
        "primary_color": "",
        "icon_img": "https://i.redd.it/snoovatar/avatars/nftv2_bmZ0X2VpcDE1NToxMzdfNjIyZDhmZWE0NjAzYmE5ZWRhZjEwODRiNDA3MDUyZDhiMGE5YmVkN18xODEzODkz_rare_928553b9-b476-4b57-89fb-6ac28ec568d5-headshot.png",
        "description": "",
        "submit_link_label": "",
        "header_size": null,
        "restrict_posting": true,
        "restrict_commenting": false,
        "subscribers": 0,
        "submit_text_label": "",
        "is_default_icon": false,
        "link_flair_position": "",
        "display_name_prefixed": "u/adoreroda",
        "key_color": "",
        "name": "t5_2owlcv",
        "is_default_banner": true,
        "url": "/user/adoreroda/",
        "quarantine": false,
        "banner_size": null,
        "user_is_moderator": null,
        "accept_followers": true,
        "public_description": "",
        "link_flair_enabled": false,
        "disable_contributor_requests": false,
        "subreddit_type": "user",
        "user_is_subscriber": null
    },
    "snoovatar_size": [
        380,
        600
    ],
    "awardee_karma": 0,
    "id": "6kjtjagr",
    "verified": true,
    "is_gold": false,
    "is_mod": false,
    "awarder_karma": 0,
    "has_verified_email": true,
    "icon_img": "https://i.redd.it/snoovatar/avatars/nftv2_bmZ0X2VpcDE1NToxMzdfNjIyZDhmZWE0NjAzYmE5ZWRhZjEwODRiNDA3MDUyZDhiMGE5YmVkN18xODEzODkz_rare_928553b9-b476-4b57-89fb-6ac28ec568d5-headshot.png",
    "hide_from_robots": true,
    "link_karma": 3321,
    "is_blocked": false,
    "total_karma": 87433,
    "pref_show_snoovatar": false,
    "name": "adoreroda",
    "created": 1590369829.0,
    "created_utc": 1590369829.0,
    "snoovatar_img": "https://i.redd.it/snoovatar/avatars/nftv2_bmZ0X2VpcDE1NToxMzdfNjIyZDhmZWE0NjAzYmE5ZWRhZjEwODRiNDA3MDUyZDhiMGE5YmVkN18xODEzODkz_rare_928553b9-b476-4b57-89fb-6ac28ec568d5.png",
    "comment_karma": 84112,
    "accept_followers": true,
    "has_subscribed": true
}