{
    "is_employee": false,
    "is_friend": false,
    "subreddit": {
        "default_set": true,
        "user_is_contributor": null,
        "banner_img": "https://styles.redditmedia.com/t5_dv1mef/styles/profileBanner_huy60sogbzne1.jpeg?width=1280&amp;height=384&amp;crop=1280:384,smart&amp;s=879153e92d5bb2c139d428758ee7b0f7086c94a6",
        "allowed_media_in_comments": [],
        "user_is_banned": null,
        "free_form_reports": true,
        "community_icon": null,
        "show_media": true,
        "icon_color": "",
        "user_is_muted": null,
        "display_name": "u_AdrianaFigueroa",
        "header_img": null,
        "title": "Adriana Figueroa",
        "previous_names": [],
        "over_18": false,
        "icon_size": [
            256,
            256
        ],
        "primary_color": "",
        "icon_img": "https://styles.redditmedia.com/t5_dv1mef/styles/profileIcon_xwrc6s69bzne1.jpeg?width=256&amp;height=256&amp;crop=256:256,smart&amp;s=3282874c37c04a22343ca7022c4072cfd233ab85",
        "description": "",
        "submit_link_label": "",
        "header_size": null,
        "restrict_posting": true,
        "restrict_commenting": false,
        "subscribers": 0,
        "submit_text_label": "",
        "is_default_icon": false,
        "link_flair_position": "",
        "display_name_prefixed": "u/AdrianaFigueroa",
        "key_color": "",
        "name": "t5_dv1mef",
        "is_default_banner": false,
        "url": "/user/AdrianaFigueroa/",
        "quarantine": false,
        "banner_size": [
            1280,
            384
        ],
        "user_is_moderator": null,
        "accept_followers": true,
        "public_description": "",
        "link_flair_enabled": false,
        "disable_contributor_requests": false,
        "subreddit_type": "user",
        "user_is_subscriber": null
    },
    "snoovatar_size": null,
    "awardee_karma": 0,
    "id": "1ky56khftn",
    "verified": true,
    "is_gold": false,
    "is_mod": false,
    "awarder_karma": 0,
    "has_verified_email": true,
    "icon_img": "https://styles.redditmedia.com/t5_dv1mef/styles/profileIcon_xwrc6s69bzne1.jpeg?width=256&amp;height=256&amp;crop=256:256,smart&amp;s=3282874c37c04a22343ca7022c4072cfd233ab85",
    "hide_from_robots": false,
    "link_karma": 1562,
    "is_blocked": false,
    "total_karma": 2528,
    "pref_show_snoovatar": false,
    "name": "AdrianaFigueroa",
    "created": 1741672447.0,
    "created_utc": 1741672447.0,
    "snoovatar_img": "",
    "comment_karma": 966,
    "accept_followers": true,
    "has_subscribed": true
}