{
    "is_employee": false,
    "is_friend": false,
    "subreddit": {
        "default_set": true,
        "user_is_contributor": null,
        "banner_img": "",
        "allowed_media_in_comments": [],
        "user_is_banned": null,
        "free_form_reports": true,
        "community_icon": null,
        "show_media": true,
        "icon_color": "",
        "user_is_muted": null,
        "display_name": "u_Akersis",
        "header_img": null,
        "title": "",
        "previous_names": [],
        "over_18": false,
        "icon_size": [
            256,
            256
        ],
        "primary_color": "",
        "icon_img": "https://styles.redditmedia.com/t5_192aem/styles/profileIcon_snoo-nftv2_bmZ0X2VpcDE1NToxMzdfNDY2YTMzMDg4N2JkZjYyZDUzZjk2OGVhODI0NzkzMTUwZjA3NzYyZV80MDg4NzM_rare_15006d8c-0e69-4a07-9aa9-7b4ab81b4c80-headshot.png?width=256&amp;height=256&amp;crop=256:256,smart&amp;s=5ee0eee75d8291722aea27817170a9ba451a58a2",
        "description": "",
        "submit_link_label": "",
        "header_size": null,
        "restrict_posting": true,
        "restrict_commenting": false,
        "subscribers": 0,
        "submit_text_label": "",
        "is_default_icon": false,
        "link_flair_position": "",
        "display_name_prefixed": "u/Akersis",
        "key_color": "",
        "name": "t5_192aem",
        "is_default_banner": true,
        "url": "/user/Akersis/",
        "quarantine": false,
        "banner_size": null,
        "user_is_moderator": null,
        "accept_followers": true,
        "public_description": "",
        "link_flair_enabled": false,
        "disable_contributor_requests": false,
        "subreddit_type": "user",
        "user_is_subscriber": null
    },
    "snoovatar_size": [
        380,
        600
    ],
    "awardee_karma": 0,
    "id": "1422ep",
    "verified": true,
    "is_gold": false,
    "is_mod": false,
    "awarder_karma": 0,
    "has_verified_email": true,
    "icon_img": "https://styles.redditmedia.com/t5_192aem/styles/profileIcon_snoo-nftv2_bmZ0X2VpcDE1NToxMzdfNDY2YTMzMDg4N2JkZjYyZDUzZjk2OGVhODI0NzkzMTUwZjA3NzYyZV80MDg4NzM_rare_15006d8c-0e69-4a07-9aa9-7b4ab81b4c80-headshot.png?width=256&amp;height=256&amp;crop=256:256,smart&amp;s=5ee0eee75d8291722aea27817170a9ba451a58a2",
    "hide_from_robots": false,
    "link_karma": 692,
    "is_blocked": false,
    "total_karma": 14419,
    "pref_show_snoovatar": false,
    "name": "Akersis",
    "created": 1483313866.0,
    "created_utc": 1483313866.0,
    "snoovatar_img": "https://i.redd.it/snoovatar/avatars/nftv2_bmZ0X2VpcDE1NToxMzdfNDY2YTMzMDg4N2JkZjYyZDUzZjk2OGVhODI0NzkzMTUwZjA3NzYyZV80MDg4NzM_rare_15006d8c-0e69-4a07-9aa9-7b4ab81b4c80.png",
    "comment_karma": 13727,
    "accept_followers": true,
    "has_subscribed": true
}