{
    "is_employee": false,
    "is_friend": false,
    "subreddit": {
        "default_set": false,
        "user_is_contributor": null,
        "banner_img": "",
        "allowed_media_in_comments": [],
        "user_is_banned": null,
        "free_form_reports": true,
        "community_icon": null,
        "show_media": true,
        "icon_color": "",
        "user_is_muted": null,
        "display_name": "u_Alright_Sunlight",
        "header_img": null,
        "title": "",
        "previous_names": [],
        "over_18": true,
        "icon_size": [
            256,
            256
        ],
        "primary_color": "",
        "icon_img": "https://i.redd.it/snoovatar/avatars/nftv2_bmZ0X2VpcDE1NToxMzdfZWI5NTlhNzE1ZGZmZmU2ZjgyZjQ2MDU1MzM5ODJjNDg1OWNiMTRmZV85MTA4OTc0_rare_c277ddd5-669e-42cf-8028-274103c86d6d-headshot.png",
        "description": "",
        "submit_link_label": "",
        "header_size": null,
        "restrict_posting": true,
        "restrict_commenting": false,
        "subscribers": 0,
        "submit_text_label": "",
        "is_default_icon": false,
        "link_flair_position": "",
        "display_name_prefixed": "u/Alright_Sunlight",
        "key_color": "",
        "name": "t5_8i5mw3",
        "is_default_banner": true,
        "url": "/user/Alright_Sunlight/",
        "quarantine": false,
        "banner_size": null,
        "user_is_moderator": null,
        "accept_followers": false,
        "public_description": "",
        "link_flair_enabled": false,
        "disable_contributor_requests": false,
        "subreddit_type": "user",
        "user_is_subscriber": null
    },
    "snoovatar_size": [
        380,
        600
    ],
    "awardee_karma": 0,
    "id": "cg9pf0j6p",
    "verified": true,
    "is_gold": false,
    "is_mod": false,
    "awarder_karma": 0,
    "has_verified_email": true,
    "icon_img": "https://i.redd.it/snoovatar/avatars/nftv2_bmZ0X2VpcDE1NToxMzdfZWI5NTlhNzE1ZGZmZmU2ZjgyZjQ2MDU1MzM5ODJjNDg1OWNiMTRmZV85MTA4OTc0_rare_c277ddd5-669e-42cf-8028-274103c86d6d-headshot.png",
    "hide_from_robots": true,
    "link_karma": 119,
    "is_blocked": false,
    "total_karma": 3114,
    "pref_show_snoovatar": false,
    "name": "Alright_Sunlight",
    "created": 1685556365.0,
    "created_utc": 1685556365.0,
    "snoovatar_img": "https://i.redd.it/snoovatar/avatars/nftv2_bmZ0X2VpcDE1NToxMzdfZWI5NTlhNzE1ZGZmZmU2ZjgyZjQ2MDU1MzM5ODJjNDg1OWNiMTRmZV85MTA4OTc0_rare_c277ddd5-669e-42cf-8028-274103c86d6d.png",
    "comment_karma": 2995,
    "accept_followers": false,
    "has_subscribed": true
}