{
    "is_employee": false,
    "is_friend": false,
    "subreddit": {
        "default_set": true,
        "user_is_contributor": null,
        "banner_img": "https://styles.redditmedia.com/t5_1i6dpd/styles/profileBanner_1bnpw68rpmg71.png?width=1280&amp;height=384&amp;crop=1280:384,smart&amp;s=d14349ed186113a3ba82d0cc13555e18589ffe0c",
        "allowed_media_in_comments": [],
        "user_is_banned": null,
        "free_form_reports": true,
        "community_icon": null,
        "show_media": true,
        "icon_color": "",
        "user_is_muted": null,
        "display_name": "u_Ammuze",
        "header_img": null,
        "title": "",
        "previous_names": [],
        "over_18": true,
        "icon_size": [
            256,
            256
        ],
        "primary_color": "",
        "icon_img": "https://styles.redditmedia.com/t5_1i6dpd/styles/profileIcon_id4ij69spmg71.png?width=256&amp;height=256&amp;crop=256:256,smart&amp;s=491c31bb9bea371a9e3a847cd3097ce26ad33dca",
        "description": "",
        "submit_link_label": "",
        "header_size": null,
        "restrict_posting": true,
        "restrict_commenting": false,
        "subscribers": 0,
        "submit_text_label": "",
        "is_default_icon": false,
        "link_flair_position": "",
        "display_name_prefixed": "u/Ammuze",
        "key_color": "",
        "name": "t5_1i6dpd",
        "is_default_banner": false,
        "url": "/user/Ammuze/",
        "quarantine": false,
        "banner_size": [
            1280,
            384
        ],
        "user_is_moderator": null,
        "accept_followers": true,
        "public_description": "",
        "link_flair_enabled": false,
        "disable_contributor_requests": false,
        "subreddit_type": "user",
        "user_is_subscriber": null
    },
    "snoovatar_size": null,
    "awardee_karma": 0,
    "id": "r52cm",
    "verified": true,
    "is_gold": false,
    "is_mod": false,
    "awarder_karma": 0,
    "has_verified_email": true,
    "icon_img": "https://styles.redditmedia.com/t5_1i6dpd/styles/profileIcon_id4ij69spmg71.png?width=256&amp;height=256&amp;crop=256:256,smart&amp;s=491c31bb9bea371a9e3a847cd3097ce26ad33dca",
    "hide_from_robots": false,
    "link_karma": 2866,
    "is_blocked": false,
    "total_karma": 36612,
    "pref_show_snoovatar": false,
    "name": "Ammuze",
    "created": 1444693082.0,
    "created_utc": 1444693082.0,
    "snoovatar_img": "",
    "comment_karma": 33746,
    "accept_followers": true,
    "has_subscribed": true
}