{
    "is_employee": false,
    "is_friend": false,
    "subreddit": {
        "default_set": true,
        "user_is_contributor": null,
        "banner_img": "",
        "allowed_media_in_comments": [],
        "user_is_banned": null,
        "free_form_reports": true,
        "community_icon": null,
        "show_media": true,
        "icon_color": "",
        "user_is_muted": null,
        "display_name": "u_angelchords",
        "header_img": null,
        "title": "",
        "previous_names": [],
        "over_18": false,
        "icon_size": [
            256,
            256
        ],
        "primary_color": "",
        "icon_img": "https://styles.redditmedia.com/t5_fevwp4/styles/profileIcon_k9ep5nw42qof1.png?width=256&amp;height=256&amp;crop=256:256,smart&amp;s=525d2fc444f66c46d48eba5807565fbf7800465b",
        "description": "",
        "submit_link_label": "",
        "header_size": null,
        "restrict_posting": true,
        "restrict_commenting": false,
        "subscribers": 0,
        "submit_text_label": "",
        "is_default_icon": false,
        "link_flair_position": "",
        "display_name_prefixed": "u/angelchords",
        "key_color": "",
        "name": "t5_fevwp4",
        "is_default_banner": true,
        "url": "/user/angelchords/",
        "quarantine": false,
        "banner_size": null,
        "user_is_moderator": null,
        "accept_followers": true,
        "public_description": "",
        "link_flair_enabled": false,
        "disable_contributor_requests": false,
        "subreddit_type": "user",
        "user_is_subscriber": null
    },
    "snoovatar_size": null,
    "awardee_karma": 0,
    "id": "1xnj3ycsgr",
    "verified": true,
    "is_gold": false,
    "is_mod": false,
    "awarder_karma": 0,
    "has_verified_email": true,
    "icon_img": "https://styles.redditmedia.com/t5_fevwp4/styles/profileIcon_k9ep5nw42qof1.png?width=256&amp;height=256&amp;crop=256:256,smart&amp;s=525d2fc444f66c46d48eba5807565fbf7800465b",
    "hide_from_robots": false,
    "link_karma": 9,
    "is_blocked": false,
    "total_karma": 188,
    "pref_show_snoovatar": false,
    "name": "angelchords",
    "created": 1757695437.0,
    "created_utc": 1757695437.0,
    "snoovatar_img": "",
    "comment_karma": 179,
    "accept_followers": true,
    "has_subscribed": true
}