{
    "is_employee": false,
    "is_friend": false,
    "subreddit": {
        "default_set": false,
        "user_is_contributor": null,
        "banner_img": "https://styles.redditmedia.com/t5_1zbazb/styles/profileBanner_k6j4lkj54dm71.jpg?width=1280&amp;height=384&amp;crop=1280:384,smart&amp;s=aeeecaf135496a0c7570db749489eceffbbd4378",
        "allowed_media_in_comments": [],
        "user_is_banned": null,
        "free_form_reports": true,
        "community_icon": null,
        "show_media": true,
        "icon_color": "",
        "user_is_muted": null,
        "display_name": "u_animalistcomrade",
        "header_img": null,
        "title": "",
        "previous_names": [],
        "over_18": true,
        "icon_size": [
            256,
            256
        ],
        "primary_color": "",
        "icon_img": "https://styles.redditmedia.com/t5_1zbazb/styles/profileIcon_vc9os9w3e3cb1.jpg?width=256&amp;height=256&amp;crop=256:256,smart&amp;s=4f1061cda798dbdd18aac64530cd82b3bbb3e00d",
        "description": "",
        "submit_link_label": "",
        "header_size": null,
        "restrict_posting": true,
        "restrict_commenting": false,
        "subscribers": 0,
        "submit_text_label": "",
        "is_default_icon": false,
        "link_flair_position": "",
        "display_name_prefixed": "u/animalistcomrade",
        "key_color": "",
        "name": "t5_1zbazb",
        "is_default_banner": false,
        "url": "/user/animalistcomrade/",
        "quarantine": false,
        "banner_size": [
            1280,
            384
        ],
        "user_is_moderator": null,
        "accept_followers": true,
        "public_description": "You checked my account, I somehow win.",
        "link_flair_enabled": false,
        "disable_contributor_requests": false,
        "subreddit_type": "user",
        "user_is_subscriber": null
    },
    "snoovatar_size": null,
    "awardee_karma": 0,
    "id": "46kjar6u",
    "verified": true,
    "is_gold": false,
    "is_mod": false,
    "awarder_karma": 0,
    "has_verified_email": true,
    "icon_img": "https://styles.redditmedia.com/t5_1zbazb/styles/profileIcon_vc9os9w3e3cb1.jpg?width=256&amp;height=256&amp;crop=256:256,smart&amp;s=4f1061cda798dbdd18aac64530cd82b3bbb3e00d",
    "hide_from_robots": true,
    "link_karma": 15783,
    "is_blocked": false,
    "total_karma": 427076,
    "pref_show_snoovatar": false,
    "name": "animalistcomrade",
    "created": 1563459566.0,
    "created_utc": 1563459566.0,
    "snoovatar_img": "",
    "comment_karma": 411293,
    "accept_followers": true,
    "has_subscribed": true
}