{
    "is_employee": false,
    "is_friend": false,
    "subreddit": {
        "default_set": true,
        "user_is_contributor": null,
        "banner_img": "",
        "allowed_media_in_comments": [],
        "user_is_banned": null,
        "free_form_reports": true,
        "community_icon": null,
        "show_media": true,
        "icon_color": "",
        "user_is_muted": null,
        "display_name": "u_annualnuke",
        "header_img": null,
        "title": "",
        "previous_names": [],
        "over_18": true,
        "icon_size": [
            256,
            256
        ],
        "primary_color": "",
        "icon_img": "https://i.redd.it/snoovatar/avatars/a24989d6-beb6-4690-af92-71dccf9c8174-headshot.png",
        "description": "",
        "submit_link_label": "",
        "header_size": null,
        "restrict_posting": true,
        "restrict_commenting": false,
        "subscribers": 0,
        "submit_text_label": "",
        "is_default_icon": false,
        "link_flair_position": "",
        "display_name_prefixed": "u/annualnuke",
        "key_color": "",
        "name": "t5_140wmi",
        "is_default_banner": true,
        "url": "/user/annualnuke/",
        "quarantine": false,
        "banner_size": null,
        "user_is_moderator": null,
        "accept_followers": true,
        "public_description": "",
        "link_flair_enabled": false,
        "disable_contributor_requests": false,
        "subreddit_type": "user",
        "user_is_subscriber": null
    },
    "snoovatar_size": [
        380,
        600
    ],
    "awardee_karma": 0,
    "id": "g2y5280",
    "verified": true,
    "is_gold": false,
    "is_mod": false,
    "awarder_karma": 0,
    "has_verified_email": true,
    "icon_img": "https://i.redd.it/snoovatar/avatars/a24989d6-beb6-4690-af92-71dccf9c8174-headshot.png",
    "hide_from_robots": false,
    "link_karma": 5920,
    "is_blocked": false,
    "total_karma": 18470,
    "pref_show_snoovatar": false,
    "name": "annualnuke",
    "created": 1507125431.0,
    "created_utc": 1507125431.0,
    "snoovatar_img": "https://i.redd.it/snoovatar/avatars/a24989d6-beb6-4690-af92-71dccf9c8174.png",
    "comment_karma": 12550,
    "accept_followers": true,
    "has_subscribed": true
}