{
    "is_employee": false,
    "is_friend": false,
    "subreddit": {
        "default_set": false,
        "user_is_contributor": null,
        "banner_img": "",
        "allowed_media_in_comments": [],
        "user_is_banned": null,
        "free_form_reports": true,
        "community_icon": null,
        "show_media": true,
        "icon_color": "",
        "user_is_muted": null,
        "display_name": "u_Antique-Potential117",
        "header_img": null,
        "title": "",
        "previous_names": [],
        "over_18": false,
        "icon_size": [
            256,
            256
        ],
        "primary_color": "",
        "icon_img": "https://styles.redditmedia.com/t5_6lms71/styles/profileIcon_nggjf1x9f5rf1.png?width=256&amp;height=256&amp;crop=256:256,smart&amp;s=24bc93658f63e86ab6fb32c039aac5fc6a9a56d7",
        "description": "",
        "submit_link_label": "",
        "header_size": null,
        "restrict_posting": true,
        "restrict_commenting": false,
        "subscribers": 0,
        "submit_text_label": "",
        "is_default_icon": false,
        "link_flair_position": "",
        "display_name_prefixed": "u/Antique-Potential117",
        "key_color": "",
        "name": "t5_6lms71",
        "is_default_banner": true,
        "url": "/user/Antique-Potential117/",
        "quarantine": false,
        "banner_size": null,
        "user_is_moderator": null,
        "accept_followers": false,
        "public_description": "",
        "link_flair_enabled": false,
        "disable_contributor_requests": false,
        "subreddit_type": "user",
        "user_is_subscriber": null
    },
    "snoovatar_size": null,
    "awardee_karma": 0,
    "id": "jjmybyg9",
    "verified": true,
    "is_gold": false,
    "is_mod": false,
    "awarder_karma": 0,
    "has_verified_email": true,
    "icon_img": "https://styles.redditmedia.com/t5_6lms71/styles/profileIcon_nggjf1x9f5rf1.png?width=256&amp;height=256&amp;crop=256:256,smart&amp;s=24bc93658f63e86ab6fb32c039aac5fc6a9a56d7",
    "hide_from_robots": true,
    "link_karma": 59,
    "is_blocked": false,
    "total_karma": 7832,
    "pref_show_snoovatar": false,
    "name": "Antique-Potential117",
    "created": 1656300242.0,
    "created_utc": 1656300242.0,
    "snoovatar_img": "",
    "comment_karma": 7773,
    "accept_followers": false,
    "has_subscribed": true
}