{
    "is_employee": false,
    "is_friend": false,
    "subreddit": {
        "default_set": false,
        "user_is_contributor": null,
        "banner_img": "",
        "allowed_media_in_comments": [],
        "user_is_banned": null,
        "free_form_reports": true,
        "community_icon": null,
        "show_media": true,
        "icon_color": "",
        "user_is_muted": null,
        "display_name": "u_Arysta",
        "header_img": null,
        "title": "",
        "previous_names": [],
        "over_18": false,
        "icon_size": [
            256,
            256
        ],
        "primary_color": "",
        "icon_img": "https://styles.redditmedia.com/t5_e6gef/styles/profileIcon_snoo-nftv2_bmZ0X2VpcDE1NToxMzdfNmFjYjhmYjgyODgwZDM5YzJiODQ0NmY4Nzc4YTE0ZDM0ZWU2Y2ZiN18xNDE0MDc_rare_f7077838-b1dd-4fb0-b853-d557a9644a4e-headshot.png?width=256&amp;height=256&amp;crop=256:256,smart&amp;s=b7b966bae5315b8f55ec839571f41420f7db5c25",
        "description": "",
        "submit_link_label": "",
        "header_size": null,
        "restrict_posting": true,
        "restrict_commenting": false,
        "subscribers": 0,
        "submit_text_label": "",
        "is_default_icon": false,
        "link_flair_position": "",
        "display_name_prefixed": "u/Arysta",
        "key_color": "",
        "name": "t5_e6gef",
        "is_default_banner": true,
        "url": "/user/Arysta/",
        "quarantine": false,
        "banner_size": null,
        "user_is_moderator": null,
        "accept_followers": false,
        "public_description": "",
        "link_flair_enabled": false,
        "disable_contributor_requests": false,
        "subreddit_type": "user",
        "user_is_subscriber": null
    },
    "snoovatar_size": [
        380,
        600
    ],
    "awardee_karma": 0,
    "id": "96lwd",
    "verified": true,
    "is_gold": false,
    "is_mod": false,
    "awarder_karma": 0,
    "has_verified_email": true,
    "icon_img": "https://styles.redditmedia.com/t5_e6gef/styles/profileIcon_snoo-nftv2_bmZ0X2VpcDE1NToxMzdfNmFjYjhmYjgyODgwZDM5YzJiODQ0NmY4Nzc4YTE0ZDM0ZWU2Y2ZiN18xNDE0MDc_rare_f7077838-b1dd-4fb0-b853-d557a9644a4e-headshot.png?width=256&amp;height=256&amp;crop=256:256,smart&amp;s=b7b966bae5315b8f55ec839571f41420f7db5c25",
    "hide_from_robots": true,
    "link_karma": 2235,
    "is_blocked": false,
    "total_karma": 16455,
    "pref_show_snoovatar": false,
    "name": "Arysta",
    "created": 1349145527.0,
    "created_utc": 1349145527.0,
    "snoovatar_img": "https://i.redd.it/snoovatar/avatars/nftv2_bmZ0X2VpcDE1NToxMzdfNmFjYjhmYjgyODgwZDM5YzJiODQ0NmY4Nzc4YTE0ZDM0ZWU2Y2ZiN18xNDE0MDc_rare_f7077838-b1dd-4fb0-b853-d557a9644a4e.png",
    "comment_karma": 14220,
    "accept_followers": false,
    "has_subscribed": true
}