{
    "is_employee": false,
    "is_friend": false,
    "subreddit": {
        "default_set": true,
        "user_is_contributor": null,
        "banner_img": "https://styles.redditmedia.com/t5_10knpm/styles/profileBanner_hwrxrzvv5d761.jpg?width=1280&amp;height=384&amp;crop=1280:384,smart&amp;s=343576833b9f3cb4f26c521577271295639a4268",
        "allowed_media_in_comments": [],
        "user_is_banned": null,
        "free_form_reports": true,
        "community_icon": null,
        "show_media": true,
        "icon_color": "",
        "user_is_muted": null,
        "display_name": "u_black_flag_4ever",
        "header_img": null,
        "title": "Fake Name ",
        "previous_names": [],
        "over_18": false,
        "icon_size": [
            256,
            256
        ],
        "primary_color": "",
        "icon_img": "https://styles.redditmedia.com/t5_10knpm/styles/profileIcon_0ej5cm4l6fa81.jpg?width=256&amp;height=256&amp;crop=256:256,smart&amp;s=d7306541545090bae605547a3b187a480dd39168",
        "description": "",
        "submit_link_label": "",
        "header_size": null,
        "restrict_posting": true,
        "restrict_commenting": false,
        "subscribers": 0,
        "submit_text_label": "",
        "is_default_icon": false,
        "link_flair_position": "",
        "display_name_prefixed": "u/black_flag_4ever",
        "key_color": "",
        "name": "t5_10knpm",
        "is_default_banner": false,
        "url": "/user/black_flag_4ever/",
        "quarantine": false,
        "banner_size": [
            1280,
            384
        ],
        "user_is_moderator": null,
        "accept_followers": true,
        "public_description": "K",
        "link_flair_enabled": false,
        "disable_contributor_requests": false,
        "subreddit_type": "user",
        "user_is_subscriber": null
    },
    "snoovatar_size": null,
    "awardee_karma": 0,
    "id": "diwgm",
    "verified": true,
    "is_gold": false,
    "is_mod": true,
    "awarder_karma": 0,
    "has_verified_email": true,
    "icon_img": "https://styles.redditmedia.com/t5_10knpm/styles/profileIcon_0ej5cm4l6fa81.jpg?width=256&amp;height=256&amp;crop=256:256,smart&amp;s=d7306541545090bae605547a3b187a480dd39168",
    "hide_from_robots": true,
    "link_karma": 872049,
    "is_blocked": false,
    "total_karma": 4264010,
    "pref_show_snoovatar": false,
    "name": "black_flag_4ever",
    "created": 1381877576.0,
    "created_utc": 1381877576.0,
    "snoovatar_img": "",
    "comment_karma": 3391961,
    "accept_followers": true,
    "has_subscribed": true
}