{
    "is_employee": false,
    "is_friend": false,
    "subreddit": {
        "default_set": true,
        "user_is_contributor": null,
        "banner_img": "https://styles.redditmedia.com/t5_21z1c9/styles/profileBanner_m84za6oyhi3e1.png?width=1280&amp;height=384&amp;crop=1280:384,smart&amp;s=b3f6ac32d2e385dffa3b8eb6f5a7e797063fd98b",
        "allowed_media_in_comments": [],
        "user_is_banned": null,
        "free_form_reports": true,
        "community_icon": null,
        "show_media": true,
        "icon_color": "",
        "user_is_muted": null,
        "display_name": "u_bloonshot",
        "header_img": null,
        "title": "bloonshot",
        "previous_names": [],
        "over_18": false,
        "icon_size": [
            256,
            256
        ],
        "primary_color": "",
        "icon_img": "https://styles.redditmedia.com/t5_21z1c9/styles/profileIcon_qtm6x5j4yikd1.PNG?width=256&amp;height=256&amp;crop=256:256,smart&amp;s=695acba56eba6213ddec28092f687164315187d9",
        "description": "",
        "submit_link_label": "",
        "header_size": null,
        "restrict_posting": true,
        "restrict_commenting": false,
        "subscribers": 0,
        "submit_text_label": "",
        "is_default_icon": false,
        "link_flair_position": "",
        "display_name_prefixed": "u/bloonshot",
        "key_color": "",
        "name": "t5_21z1c9",
        "is_default_banner": false,
        "url": "/user/bloonshot/",
        "quarantine": false,
        "banner_size": [
            1280,
            384
        ],
        "user_is_moderator": null,
        "accept_followers": true,
        "public_description": "\n:skull:",
        "link_flair_enabled": false,
        "disable_contributor_requests": false,
        "subreddit_type": "user",
        "user_is_subscriber": null
    },
    "snoovatar_size": null,
    "awardee_karma": 0,
    "id": "48edksc4",
    "verified": true,
    "is_gold": false,
    "is_mod": true,
    "awarder_karma": 0,
    "has_verified_email": true,
    "icon_img": "https://styles.redditmedia.com/t5_21z1c9/styles/profileIcon_qtm6x5j4yikd1.PNG?width=256&amp;height=256&amp;crop=256:256,smart&amp;s=695acba56eba6213ddec28092f687164315187d9",
    "hide_from_robots": false,
    "link_karma": 4633,
    "is_blocked": false,
    "total_karma": 213837,
    "pref_show_snoovatar": false,
    "name": "bloonshot",
    "created": 1564078574.0,
    "created_utc": 1564078574.0,
    "snoovatar_img": "",
    "comment_karma": 209204,
    "accept_followers": true,
    "has_subscribed": true
}