{
    "is_employee": false,
    "is_friend": false,
    "subreddit": {
        "default_set": true,
        "user_is_contributor": null,
        "banner_img": "",
        "allowed_media_in_comments": [],
        "user_is_banned": null,
        "free_form_reports": true,
        "community_icon": null,
        "show_media": true,
        "icon_color": "",
        "user_is_muted": null,
        "display_name": "u_Bumblebeard63",
        "header_img": null,
        "title": "",
        "previous_names": [],
        "over_18": false,
        "icon_size": [
            256,
            256
        ],
        "primary_color": "",
        "icon_img": "https://i.redd.it/snoovatar/avatars/nftv2_bmZ0X2VpcDE1NToxMzdfZWI5NTlhNzE1ZGZmZmU2ZjgyZjQ2MDU1MzM5ODJjNDg1OWNiMTRmZV8yNDYyMjY2OQ_rare_f4ccd413-82ad-4672-8f03-9a8d12cb1c35-headshot.png",
        "description": "",
        "submit_link_label": "",
        "header_size": null,
        "restrict_posting": true,
        "restrict_commenting": false,
        "subscribers": 0,
        "submit_text_label": "",
        "is_default_icon": false,
        "link_flair_position": "",
        "display_name_prefixed": "u/Bumblebeard63",
        "key_color": "",
        "name": "t5_aem63o",
        "is_default_banner": true,
        "url": "/user/Bumblebeard63/",
        "quarantine": false,
        "banner_size": null,
        "user_is_moderator": null,
        "accept_followers": true,
        "public_description": "",
        "link_flair_enabled": false,
        "disable_contributor_requests": false,
        "subreddit_type": "user",
        "user_is_subscriber": null
    },
    "snoovatar_size": [
        380,
        600
    ],
    "awardee_karma": 0,
    "id": "qibs9lvls",
    "verified": true,
    "is_gold": false,
    "is_mod": false,
    "awarder_karma": 0,
    "has_verified_email": true,
    "icon_img": "https://i.redd.it/snoovatar/avatars/nftv2_bmZ0X2VpcDE1NToxMzdfZWI5NTlhNzE1ZGZmZmU2ZjgyZjQ2MDU1MzM5ODJjNDg1OWNiMTRmZV8yNDYyMjY2OQ_rare_f4ccd413-82ad-4672-8f03-9a8d12cb1c35-headshot.png",
    "hide_from_robots": false,
    "link_karma": 2840,
    "is_blocked": false,
    "total_karma": 16930,
    "pref_show_snoovatar": false,
    "name": "Bumblebeard63",
    "created": 1703284517.0,
    "created_utc": 1703284517.0,
    "snoovatar_img": "https://i.redd.it/snoovatar/avatars/nftv2_bmZ0X2VpcDE1NToxMzdfZWI5NTlhNzE1ZGZmZmU2ZjgyZjQ2MDU1MzM5ODJjNDg1OWNiMTRmZV8yNDYyMjY2OQ_rare_f4ccd413-82ad-4672-8f03-9a8d12cb1c35.png",
    "comment_karma": 14090,
    "accept_followers": true,
    "has_subscribed": true
}