{
    "is_employee": false,
    "is_friend": false,
    "subreddit": {
        "default_set": false,
        "user_is_contributor": null,
        "banner_img": "https://styles.redditmedia.com/t5_cz8gn/styles/profileBanner_k77cz1l9qkyb1.jpeg?width=1280&amp;height=384&amp;crop=1280:384,smart&amp;s=69731e45941220120c059a538caac56d865a402f",
        "allowed_media_in_comments": [],
        "user_is_banned": null,
        "free_form_reports": true,
        "community_icon": null,
        "show_media": true,
        "icon_color": "",
        "user_is_muted": null,
        "display_name": "u_calicat9",
        "header_img": null,
        "title": "",
        "previous_names": [],
        "over_18": false,
        "icon_size": [
            256,
            256
        ],
        "primary_color": "",
        "icon_img": "https://styles.redditmedia.com/t5_cz8gn/styles/profileIcon_368t6p86g03a1.jpg?width=256&amp;height=256&amp;crop=256:256,smart&amp;s=a7befef31837586a33b524224db93bbd00613b3d",
        "description": "",
        "submit_link_label": "",
        "header_size": null,
        "restrict_posting": true,
        "restrict_commenting": false,
        "subscribers": 0,
        "submit_text_label": "",
        "is_default_icon": false,
        "link_flair_position": "",
        "display_name_prefixed": "u/calicat9",
        "key_color": "",
        "name": "t5_cz8gn",
        "is_default_banner": false,
        "url": "/user/calicat9/",
        "quarantine": false,
        "banner_size": [
            1280,
            384
        ],
        "user_is_moderator": null,
        "accept_followers": false,
        "public_description": "",
        "link_flair_enabled": false,
        "disable_contributor_requests": false,
        "subreddit_type": "user",
        "user_is_subscriber": null
    },
    "snoovatar_size": null,
    "awardee_karma": 0,
    "id": "rc54p",
    "verified": true,
    "is_gold": false,
    "is_mod": false,
    "awarder_karma": 0,
    "has_verified_email": true,
    "icon_img": "https://styles.redditmedia.com/t5_cz8gn/styles/profileIcon_368t6p86g03a1.jpg?width=256&amp;height=256&amp;crop=256:256,smart&amp;s=a7befef31837586a33b524224db93bbd00613b3d",
    "hide_from_robots": true,
    "link_karma": 1502,
    "is_blocked": false,
    "total_karma": 171667,
    "pref_show_snoovatar": false,
    "name": "calicat9",
    "created": 1445392620.0,
    "created_utc": 1445392620.0,
    "snoovatar_img": "",
    "comment_karma": 170165,
    "accept_followers": false,
    "has_subscribed": true
}