{
    "is_employee": false,
    "is_friend": false,
    "subreddit": {
        "default_set": true,
        "user_is_contributor": null,
        "banner_img": "",
        "allowed_media_in_comments": [],
        "user_is_banned": null,
        "free_form_reports": true,
        "community_icon": null,
        "show_media": true,
        "icon_color": "",
        "user_is_muted": null,
        "display_name": "u_CanoegunGoeff",
        "header_img": null,
        "title": "CanoegunGeoff",
        "previous_names": [],
        "over_18": false,
        "icon_size": [
            256,
            256
        ],
        "primary_color": "",
        "icon_img": "https://styles.redditmedia.com/t5_izewt/styles/profileIcon_snoo92fe5ed9-590e-4d02-b8d8-1bcc8902048e-headshot.png?width=256&amp;height=256&amp;crop=256:256,smart&amp;s=f090de7d5a32a84435ecba250a6bf5d5c05ad99f",
        "description": "",
        "submit_link_label": "",
        "header_size": null,
        "restrict_posting": true,
        "restrict_commenting": false,
        "subscribers": 0,
        "submit_text_label": "",
        "is_default_icon": false,
        "link_flair_position": "",
        "display_name_prefixed": "u/CanoegunGoeff",
        "key_color": "",
        "name": "t5_izewt",
        "is_default_banner": true,
        "url": "/user/CanoegunGoeff/",
        "quarantine": false,
        "banner_size": null,
        "user_is_moderator": null,
        "accept_followers": true,
        "public_description": "",
        "link_flair_enabled": false,
        "disable_contributor_requests": false,
        "subreddit_type": "user",
        "user_is_subscriber": null
    },
    "snoovatar_size": [
        380,
        600
    ],
    "awardee_karma": 0,
    "id": "1c27u5c7",
    "verified": true,
    "is_gold": false,
    "is_mod": false,
    "awarder_karma": 0,
    "has_verified_email": true,
    "icon_img": "https://styles.redditmedia.com/t5_izewt/styles/profileIcon_snoo92fe5ed9-590e-4d02-b8d8-1bcc8902048e-headshot.png?width=256&amp;height=256&amp;crop=256:256,smart&amp;s=f090de7d5a32a84435ecba250a6bf5d5c05ad99f",
    "hide_from_robots": false,
    "link_karma": 18684,
    "is_blocked": false,
    "total_karma": 106804,
    "pref_show_snoovatar": false,
    "name": "CanoegunGoeff",
    "created": 1525840152.0,
    "created_utc": 1525840152.0,
    "snoovatar_img": "https://i.redd.it/snoovatar/avatars/92fe5ed9-590e-4d02-b8d8-1bcc8902048e.png",
    "comment_karma": 88120,
    "accept_followers": true,
    "has_subscribed": true
}