{
    "is_employee": false,
    "is_friend": false,
    "subreddit": {
        "default_set": true,
        "user_is_contributor": null,
        "banner_img": "",
        "allowed_media_in_comments": [],
        "user_is_banned": null,
        "free_form_reports": true,
        "community_icon": null,
        "show_media": true,
        "icon_color": "",
        "user_is_muted": null,
        "display_name": "u_CaptainJanek",
        "header_img": null,
        "title": "",
        "previous_names": [],
        "over_18": false,
        "icon_size": [
            256,
            256
        ],
        "primary_color": "",
        "icon_img": "https://styles.redditmedia.com/t5_drtc1/styles/profileIcon_snoo16e883c5-7c5c-450b-9362-c06a0db80237-headshot.png?width=256&amp;height=256&amp;crop=256:256,smart&amp;s=060ef969bdf66e09a1c1d7882f2d8c2cb37699f9",
        "description": "",
        "submit_link_label": "",
        "header_size": null,
        "restrict_posting": true,
        "restrict_commenting": false,
        "subscribers": 0,
        "submit_text_label": "",
        "is_default_icon": false,
        "link_flair_position": "",
        "display_name_prefixed": "u/CaptainJanek",
        "key_color": "",
        "name": "t5_drtc1",
        "is_default_banner": true,
        "url": "/user/CaptainJanek/",
        "quarantine": false,
        "banner_size": null,
        "user_is_moderator": null,
        "accept_followers": true,
        "public_description": "",
        "link_flair_enabled": false,
        "disable_contributor_requests": false,
        "subreddit_type": "user",
        "user_is_subscriber": null
    },
    "snoovatar_size": [
        380,
        600
    ],
    "awardee_karma": 0,
    "id": "9baee",
    "verified": true,
    "is_gold": false,
    "is_mod": false,
    "awarder_karma": 0,
    "has_verified_email": true,
    "icon_img": "https://styles.redditmedia.com/t5_drtc1/styles/profileIcon_snoo16e883c5-7c5c-450b-9362-c06a0db80237-headshot.png?width=256&amp;height=256&amp;crop=256:256,smart&amp;s=060ef969bdf66e09a1c1d7882f2d8c2cb37699f9",
    "hide_from_robots": false,
    "link_karma": 986,
    "is_blocked": false,
    "total_karma": 4182,
    "pref_show_snoovatar": false,
    "name": "CaptainJanek",
    "created": 1350339932.0,
    "created_utc": 1350339932.0,
    "snoovatar_img": "https://i.redd.it/snoovatar/avatars/16e883c5-7c5c-450b-9362-c06a0db80237.png",
    "comment_karma": 3196,
    "accept_followers": true,
    "has_subscribed": true
}