{
    "is_employee": false,
    "is_friend": false,
    "subreddit": {
        "default_set": true,
        "user_is_contributor": null,
        "banner_img": "",
        "allowed_media_in_comments": [],
        "user_is_banned": null,
        "free_form_reports": true,
        "community_icon": null,
        "show_media": true,
        "icon_color": "",
        "user_is_muted": null,
        "display_name": "u_caramacree",
        "header_img": null,
        "title": "",
        "previous_names": [],
        "over_18": false,
        "icon_size": [
            256,
            256
        ],
        "primary_color": "",
        "icon_img": "https://styles.redditmedia.com/t5_2127km/styles/profileIcon_snoo7c162675-a9c0-42e1-8da6-7b8dc0a8f645-headshot.png?width=256&amp;height=256&amp;crop=256:256,smart&amp;s=a9340b017c7402d766a552576582a418b3336722",
        "description": "",
        "submit_link_label": "",
        "header_size": null,
        "restrict_posting": true,
        "restrict_commenting": false,
        "subscribers": 0,
        "submit_text_label": "",
        "is_default_icon": false,
        "link_flair_position": "",
        "display_name_prefixed": "u/caramacree",
        "key_color": "",
        "name": "t5_2127km",
        "is_default_banner": true,
        "url": "/user/caramacree/",
        "quarantine": false,
        "banner_size": null,
        "user_is_moderator": null,
        "accept_followers": true,
        "public_description": "",
        "link_flair_enabled": false,
        "disable_contributor_requests": false,
        "subreddit_type": "user",
        "user_is_subscriber": null
    },
    "snoovatar_size": [
        380,
        600
    ],
    "awardee_karma": 0,
    "id": "41r2e",
    "verified": true,
    "is_gold": false,
    "is_mod": false,
    "awarder_karma": 0,
    "has_verified_email": true,
    "icon_img": "https://styles.redditmedia.com/t5_2127km/styles/profileIcon_snoo7c162675-a9c0-42e1-8da6-7b8dc0a8f645-headshot.png?width=256&amp;height=256&amp;crop=256:256,smart&amp;s=a9340b017c7402d766a552576582a418b3336722",
    "hide_from_robots": false,
    "link_karma": 188,
    "is_blocked": false,
    "total_karma": 1627,
    "pref_show_snoovatar": false,
    "name": "caramacree",
    "created": 1273454019.0,
    "created_utc": 1273454019.0,
    "snoovatar_img": "https://i.redd.it/snoovatar/avatars/7c162675-a9c0-42e1-8da6-7b8dc0a8f645.png",
    "comment_karma": 1439,
    "accept_followers": true,
    "has_subscribed": true
}