{
    "is_employee": false,
    "is_friend": false,
    "subreddit": {
        "default_set": true,
        "user_is_contributor": null,
        "banner_img": "https://styles.redditmedia.com/t5_m6gbj/styles/profileBanner_4v9k596pjn3e1.JPG?width=1280&amp;height=384&amp;crop=1280:384,smart&amp;s=4fcff6e3be60e0b69cee341779eb559a3524dba9",
        "allowed_media_in_comments": [],
        "user_is_banned": null,
        "free_form_reports": true,
        "community_icon": null,
        "show_media": true,
        "icon_color": "",
        "user_is_muted": null,
        "display_name": "u_chadowan",
        "header_img": null,
        "title": "",
        "previous_names": [],
        "over_18": false,
        "icon_size": [
            256,
            256
        ],
        "primary_color": "",
        "icon_img": "https://i.redd.it/snoovatar/avatars/628c3e5d-12c6-459d-8c68-4b0fd6386b60-headshot.png",
        "description": "",
        "submit_link_label": "",
        "header_size": null,
        "restrict_posting": true,
        "restrict_commenting": false,
        "subscribers": 0,
        "submit_text_label": "",
        "is_default_icon": false,
        "link_flair_position": "",
        "display_name_prefixed": "u/chadowan",
        "key_color": "",
        "name": "t5_m6gbj",
        "is_default_banner": false,
        "url": "/user/chadowan/",
        "quarantine": false,
        "banner_size": [
            1280,
            384
        ],
        "user_is_moderator": null,
        "accept_followers": true,
        "public_description": "",
        "link_flair_enabled": false,
        "disable_contributor_requests": false,
        "subreddit_type": "user",
        "user_is_subscriber": null
    },
    "snoovatar_size": [
        380,
        600
    ],
    "awardee_karma": 0,
    "id": "1u21ljlg",
    "verified": true,
    "is_gold": false,
    "is_mod": false,
    "awarder_karma": 0,
    "has_verified_email": true,
    "icon_img": "https://i.redd.it/snoovatar/avatars/628c3e5d-12c6-459d-8c68-4b0fd6386b60-headshot.png",
    "hide_from_robots": false,
    "link_karma": 15844,
    "is_blocked": false,
    "total_karma": 128235,
    "pref_show_snoovatar": false,
    "name": "chadowan",
    "created": 1532316367.0,
    "created_utc": 1532316367.0,
    "snoovatar_img": "https://i.redd.it/snoovatar/avatars/628c3e5d-12c6-459d-8c68-4b0fd6386b60.png",
    "comment_karma": 112391,
    "accept_followers": true,
    "has_subscribed": true
}