{
    "is_employee": false,
    "is_friend": false,
    "subreddit": {
        "default_set": true,
        "user_is_contributor": null,
        "banner_img": "",
        "allowed_media_in_comments": [],
        "user_is_banned": null,
        "free_form_reports": true,
        "community_icon": null,
        "show_media": true,
        "icon_color": "",
        "user_is_muted": null,
        "display_name": "u_Chrisdkn619",
        "header_img": null,
        "title": "",
        "previous_names": [],
        "over_18": false,
        "icon_size": [
            256,
            256
        ],
        "primary_color": "",
        "icon_img": "https://styles.redditmedia.com/t5_2mvt3a/styles/profileIcon_snoo6a9f38d9-6528-4f95-a4ed-b5defe29d338-headshot-f.png?width=256&amp;height=256&amp;crop=256:256,smart&amp;s=ed48481afd9ac402a417c28c89a5e2a8b63ba09a",
        "description": "",
        "submit_link_label": "",
        "header_size": null,
        "restrict_posting": true,
        "restrict_commenting": false,
        "subscribers": 0,
        "submit_text_label": "",
        "is_default_icon": false,
        "link_flair_position": "",
        "display_name_prefixed": "u/Chrisdkn619",
        "key_color": "",
        "name": "t5_2mvt3a",
        "is_default_banner": true,
        "url": "/user/Chrisdkn619/",
        "quarantine": false,
        "banner_size": null,
        "user_is_moderator": null,
        "accept_followers": true,
        "public_description": "",
        "link_flair_enabled": false,
        "disable_contributor_requests": false,
        "subreddit_type": "user",
        "user_is_subscriber": null
    },
    "snoovatar_size": [
        380,
        600
    ],
    "awardee_karma": 0,
    "id": "6dtrqe9l",
    "verified": true,
    "is_gold": false,
    "is_mod": false,
    "awarder_karma": 0,
    "has_verified_email": true,
    "icon_img": "https://styles.redditmedia.com/t5_2mvt3a/styles/profileIcon_snoo6a9f38d9-6528-4f95-a4ed-b5defe29d338-headshot-f.png?width=256&amp;height=256&amp;crop=256:256,smart&amp;s=ed48481afd9ac402a417c28c89a5e2a8b63ba09a",
    "hide_from_robots": true,
    "link_karma": 17,
    "is_blocked": false,
    "total_karma": 77571,
    "pref_show_snoovatar": false,
    "name": "Chrisdkn619",
    "created": 1588621833.0,
    "created_utc": 1588621833.0,
    "snoovatar_img": "https://i.redd.it/snoovatar/avatars/6a9f38d9-6528-4f95-a4ed-b5defe29d338.png",
    "comment_karma": 77554,
    "accept_followers": true,
    "has_subscribed": true
}