{
    "is_employee": false,
    "is_friend": false,
    "subreddit": {
        "default_set": true,
        "user_is_contributor": null,
        "banner_img": "",
        "allowed_media_in_comments": [],
        "user_is_banned": null,
        "free_form_reports": true,
        "community_icon": null,
        "show_media": true,
        "icon_color": "",
        "user_is_muted": null,
        "display_name": "u_CircleBird12",
        "header_img": null,
        "title": "",
        "previous_names": [],
        "over_18": false,
        "icon_size": [
            256,
            256
        ],
        "primary_color": "",
        "icon_img": "https://styles.redditmedia.com/t5_c1mzl2/styles/profileIcon_ahkhz892i2hf1.jpg?width=256&amp;height=256&amp;crop=256:256,smart&amp;s=417170a7b45a1011785dddc941b05e42e023c909",
        "description": "",
        "submit_link_label": "",
        "header_size": null,
        "restrict_posting": true,
        "restrict_commenting": false,
        "subscribers": 0,
        "submit_text_label": "",
        "is_default_icon": false,
        "link_flair_position": "",
        "display_name_prefixed": "u/CircleBird12",
        "key_color": "",
        "name": "t5_c1mzl2",
        "is_default_banner": true,
        "url": "/user/CircleBird12/",
        "quarantine": false,
        "banner_size": null,
        "user_is_moderator": null,
        "accept_followers": true,
        "public_description": "\"The way to be liberated from the constraining effects of any medium is to develop a perspective on it \u2014 how it works and what it does. Being illiterate in the processes of any medium\"",
        "link_flair_enabled": false,
        "disable_contributor_requests": false,
        "subreddit_type": "user",
        "user_is_subscriber": null
    },
    "snoovatar_size": null,
    "awardee_karma": 0,
    "id": "157ogx8wmi",
    "verified": true,
    "is_gold": false,
    "is_mod": true,
    "awarder_karma": 0,
    "has_verified_email": true,
    "icon_img": "https://styles.redditmedia.com/t5_c1mzl2/styles/profileIcon_ahkhz892i2hf1.jpg?width=256&amp;height=256&amp;crop=256:256,smart&amp;s=417170a7b45a1011785dddc941b05e42e023c909",
    "hide_from_robots": false,
    "link_karma": 105,
    "is_blocked": false,
    "total_karma": 2103,
    "pref_show_snoovatar": false,
    "name": "CircleBird12",
    "created": 1721828428.0,
    "created_utc": 1721828428.0,
    "snoovatar_img": "",
    "comment_karma": 1998,
    "accept_followers": true,
    "has_subscribed": true
}