{
    "is_employee": false,
    "is_friend": false,
    "subreddit": {
        "default_set": true,
        "user_is_contributor": null,
        "banner_img": "",
        "allowed_media_in_comments": [],
        "user_is_banned": null,
        "free_form_reports": true,
        "community_icon": null,
        "show_media": true,
        "icon_color": "",
        "user_is_muted": null,
        "display_name": "u_CookieRelevant",
        "header_img": null,
        "title": "",
        "previous_names": [],
        "over_18": false,
        "icon_size": [
            256,
            256
        ],
        "primary_color": "",
        "icon_img": "https://styles.redditmedia.com/t5_370msn/styles/profileIcon_snoo38b6ad47-e26f-43a2-9396-0b5b5556d827-headshot.png?width=256&amp;height=256&amp;crop=256:256,smart&amp;s=d3e280ad1667db721bb8d9c8e20c3514ab8a4562",
        "description": "",
        "submit_link_label": "",
        "header_size": null,
        "restrict_posting": true,
        "restrict_commenting": false,
        "subscribers": 0,
        "submit_text_label": "",
        "is_default_icon": false,
        "link_flair_position": "",
        "display_name_prefixed": "u/CookieRelevant",
        "key_color": "",
        "name": "t5_370msn",
        "is_default_banner": true,
        "url": "/user/CookieRelevant/",
        "quarantine": false,
        "banner_size": null,
        "user_is_moderator": null,
        "accept_followers": true,
        "public_description": "",
        "link_flair_enabled": false,
        "disable_contributor_requests": false,
        "subreddit_type": "user",
        "user_is_subscriber": null
    },
    "snoovatar_size": [
        380,
        600
    ],
    "awardee_karma": 0,
    "id": "6adzxznh",
    "verified": true,
    "is_gold": false,
    "is_mod": false,
    "awarder_karma": 0,
    "has_verified_email": true,
    "icon_img": "https://styles.redditmedia.com/t5_370msn/styles/profileIcon_snoo38b6ad47-e26f-43a2-9396-0b5b5556d827-headshot.png?width=256&amp;height=256&amp;crop=256:256,smart&amp;s=d3e280ad1667db721bb8d9c8e20c3514ab8a4562",
    "hide_from_robots": false,
    "link_karma": 1884,
    "is_blocked": false,
    "total_karma": 21551,
    "pref_show_snoovatar": false,
    "name": "CookieRelevant",
    "created": 1601574295.0,
    "created_utc": 1601574295.0,
    "snoovatar_img": "https://i.redd.it/snoovatar/avatars/38b6ad47-e26f-43a2-9396-0b5b5556d827.png",
    "comment_karma": 19667,
    "accept_followers": true,
    "has_subscribed": true
}