{
    "is_employee": false,
    "is_friend": false,
    "subreddit": {
        "default_set": false,
        "user_is_contributor": null,
        "banner_img": "https://styles.redditmedia.com/t5_23zyyz/styles/profileBanner_ynz8g0nfe1v41.jpg?width=1280&amp;height=384&amp;crop=1280:384,smart&amp;s=38f41615df6e16f2b3e87ee0e65aa44200a4c4aa",
        "allowed_media_in_comments": [],
        "user_is_banned": null,
        "free_form_reports": true,
        "community_icon": null,
        "show_media": true,
        "icon_color": "",
        "user_is_muted": null,
        "display_name": "u_crack-nutter",
        "header_img": null,
        "title": "Cracknutter",
        "previous_names": [],
        "over_18": false,
        "icon_size": [
            256,
            256
        ],
        "primary_color": "",
        "icon_img": "https://styles.redditmedia.com/t5_23zyyz/styles/profileIcon_bnjgfjbfe1v41.jpg?width=256&amp;height=256&amp;crop=256:256,smart&amp;s=49ee841388ac16b0155a90c49b70c00ae97f6814",
        "description": "",
        "submit_link_label": "",
        "header_size": null,
        "restrict_posting": true,
        "restrict_commenting": false,
        "subscribers": 0,
        "submit_text_label": "",
        "is_default_icon": false,
        "link_flair_position": "",
        "display_name_prefixed": "u/crack-nutter",
        "key_color": "",
        "name": "t5_23zyyz",
        "is_default_banner": false,
        "url": "/user/crack-nutter/",
        "quarantine": false,
        "banner_size": [
            1280,
            384
        ],
        "user_is_moderator": null,
        "accept_followers": false,
        "public_description": "https://soundcloud.com/crack-nutter",
        "link_flair_enabled": false,
        "disable_contributor_requests": false,
        "subreddit_type": "user",
        "user_is_subscriber": null
    },
    "snoovatar_size": null,
    "awardee_karma": 0,
    "id": "4eub445v",
    "verified": true,
    "is_gold": false,
    "is_mod": false,
    "awarder_karma": 0,
    "has_verified_email": true,
    "icon_img": "https://styles.redditmedia.com/t5_23zyyz/styles/profileIcon_bnjgfjbfe1v41.jpg?width=256&amp;height=256&amp;crop=256:256,smart&amp;s=49ee841388ac16b0155a90c49b70c00ae97f6814",
    "hide_from_robots": true,
    "link_karma": 797,
    "is_blocked": false,
    "total_karma": 16086,
    "pref_show_snoovatar": false,
    "name": "crack-nutter",
    "created": 1567161469.0,
    "created_utc": 1567161469.0,
    "snoovatar_img": "",
    "comment_karma": 15289,
    "accept_followers": false,
    "has_subscribed": true
}