{
    "is_employee": false,
    "is_friend": false,
    "subreddit": {
        "default_set": true,
        "user_is_contributor": null,
        "banner_img": "",
        "allowed_media_in_comments": [],
        "user_is_banned": null,
        "free_form_reports": true,
        "community_icon": null,
        "show_media": true,
        "icon_color": "",
        "user_is_muted": null,
        "display_name": "u_cryptoengineer",
        "header_img": null,
        "title": "",
        "previous_names": [],
        "over_18": true,
        "icon_size": [
            256,
            256
        ],
        "primary_color": "",
        "icon_img": "https://styles.redditmedia.com/t5_dmxtf/styles/profileIcon_snoocaf1ece3-ad1e-4ec6-a57c-53145e2fb5c9-headshot.png?width=256&amp;height=256&amp;crop=256:256,smart&amp;s=6c7734b988c435dba2165af31115aa717345dfba",
        "description": "",
        "submit_link_label": "",
        "header_size": null,
        "restrict_posting": true,
        "restrict_commenting": false,
        "subscribers": 0,
        "submit_text_label": "",
        "is_default_icon": false,
        "link_flair_position": "",
        "display_name_prefixed": "u/cryptoengineer",
        "key_color": "",
        "name": "t5_dmxtf",
        "is_default_banner": true,
        "url": "/user/cryptoengineer/",
        "quarantine": false,
        "banner_size": null,
        "user_is_moderator": null,
        "accept_followers": true,
        "public_description": "",
        "link_flair_enabled": false,
        "disable_contributor_requests": false,
        "subreddit_type": "user",
        "user_is_subscriber": null
    },
    "snoovatar_size": [
        380,
        600
    ],
    "awardee_karma": 0,
    "id": "s88td",
    "verified": true,
    "is_gold": false,
    "is_mod": false,
    "awarder_karma": 0,
    "has_verified_email": true,
    "icon_img": "https://styles.redditmedia.com/t5_dmxtf/styles/profileIcon_snoocaf1ece3-ad1e-4ec6-a57c-53145e2fb5c9-headshot.png?width=256&amp;height=256&amp;crop=256:256,smart&amp;s=6c7734b988c435dba2165af31115aa717345dfba",
    "hide_from_robots": true,
    "link_karma": 19679,
    "is_blocked": false,
    "total_karma": 231167,
    "pref_show_snoovatar": false,
    "name": "cryptoengineer",
    "created": 1448038465.0,
    "created_utc": 1448038465.0,
    "snoovatar_img": "https://i.redd.it/snoovatar/avatars/caf1ece3-ad1e-4ec6-a57c-53145e2fb5c9.png",
    "comment_karma": 211488,
    "accept_followers": true,
    "has_subscribed": true
}