{
    "is_employee": false,
    "is_friend": false,
    "subreddit": {
        "default_set": true,
        "user_is_contributor": null,
        "banner_img": "https://styles.redditmedia.com/t5_b60d0b/styles/profileBanner_trnyq1r6pyif1.jpeg?width=1280&amp;height=384&amp;crop=1280:384,smart&amp;s=0b34d54759be85bd39ccf9232c28ae505998bd53",
        "allowed_media_in_comments": [],
        "user_is_banned": null,
        "free_form_reports": true,
        "community_icon": null,
        "show_media": true,
        "icon_color": "",
        "user_is_muted": null,
        "display_name": "u_DaiMangaKai",
        "header_img": null,
        "title": "",
        "previous_names": [],
        "over_18": false,
        "icon_size": [
            256,
            256
        ],
        "primary_color": "",
        "icon_img": "https://styles.redditmedia.com/t5_b60d0b/styles/profileIcon_pym6qf7ppyif1.jpeg?width=256&amp;height=256&amp;crop=256:256,smart&amp;s=1b17910f029a7f6f5c835783e5b7b8a0ad83fd2e",
        "description": "",
        "submit_link_label": "",
        "header_size": null,
        "restrict_posting": true,
        "restrict_commenting": false,
        "subscribers": 0,
        "submit_text_label": "",
        "is_default_icon": false,
        "link_flair_position": "",
        "display_name_prefixed": "u/DaiMangaKai",
        "key_color": "",
        "name": "t5_b60d0b",
        "is_default_banner": false,
        "url": "/user/DaiMangaKai/",
        "quarantine": false,
        "banner_size": [
            1280,
            384
        ],
        "user_is_moderator": null,
        "accept_followers": false,
        "public_description": "",
        "link_flair_enabled": false,
        "disable_contributor_requests": false,
        "subreddit_type": "user",
        "user_is_subscriber": null
    },
    "snoovatar_size": null,
    "awardee_karma": 0,
    "id": "x29iysxt7",
    "verified": true,
    "is_gold": false,
    "is_mod": false,
    "awarder_karma": 0,
    "has_verified_email": true,
    "icon_img": "https://styles.redditmedia.com/t5_b60d0b/styles/profileIcon_pym6qf7ppyif1.jpeg?width=256&amp;height=256&amp;crop=256:256,smart&amp;s=1b17910f029a7f6f5c835783e5b7b8a0ad83fd2e",
    "hide_from_robots": true,
    "link_karma": 414,
    "is_blocked": false,
    "total_karma": 18120,
    "pref_show_snoovatar": false,
    "name": "DaiMangaKai",
    "created": 1711549616.0,
    "created_utc": 1711549616.0,
    "snoovatar_img": "",
    "comment_karma": 17706,
    "accept_followers": false,
    "has_subscribed": true
}