{
    "is_employee": false,
    "is_friend": false,
    "subreddit": {
        "default_set": true,
        "user_is_contributor": null,
        "banner_img": "",
        "allowed_media_in_comments": [],
        "user_is_banned": null,
        "free_form_reports": true,
        "community_icon": null,
        "show_media": true,
        "icon_color": "",
        "user_is_muted": null,
        "display_name": "u_DaveAvitabile",
        "header_img": null,
        "title": "Coffee talk",
        "previous_names": [],
        "over_18": false,
        "icon_size": [
            256,
            256
        ],
        "primary_color": "",
        "icon_img": "https://i.redd.it/snoovatar/avatars/60a68ece-7b0c-4ec2-8338-f68e37295e84-headshot.png",
        "description": "",
        "submit_link_label": "",
        "header_size": null,
        "restrict_posting": true,
        "restrict_commenting": false,
        "subscribers": 0,
        "submit_text_label": "",
        "is_default_icon": false,
        "link_flair_position": "",
        "display_name_prefixed": "u/DaveAvitabile",
        "key_color": "",
        "name": "t5_ci0uk6",
        "is_default_banner": true,
        "url": "/user/DaveAvitabile/",
        "quarantine": false,
        "banner_size": null,
        "user_is_moderator": null,
        "accept_followers": true,
        "public_description": "",
        "link_flair_enabled": false,
        "disable_contributor_requests": false,
        "subreddit_type": "user",
        "user_is_subscriber": null
    },
    "snoovatar_size": [
        380,
        600
    ],
    "awardee_karma": 0,
    "id": "1970vwbp62",
    "verified": true,
    "is_gold": false,
    "is_mod": false,
    "awarder_karma": 0,
    "has_verified_email": true,
    "icon_img": "https://i.redd.it/snoovatar/avatars/60a68ece-7b0c-4ec2-8338-f68e37295e84-headshot.png",
    "hide_from_robots": false,
    "link_karma": 5326,
    "is_blocked": false,
    "total_karma": 33592,
    "pref_show_snoovatar": false,
    "name": "DaveAvitabile",
    "created": 1726849972.0,
    "created_utc": 1726849972.0,
    "snoovatar_img": "https://i.redd.it/snoovatar/avatars/60a68ece-7b0c-4ec2-8338-f68e37295e84.png",
    "comment_karma": 28266,
    "accept_followers": true,
    "has_subscribed": true
}