{
    "is_employee": false,
    "is_friend": false,
    "subreddit": {
        "default_set": true,
        "user_is_contributor": null,
        "banner_img": "",
        "allowed_media_in_comments": [],
        "user_is_banned": null,
        "free_form_reports": true,
        "community_icon": null,
        "show_media": true,
        "icon_color": "",
        "user_is_muted": null,
        "display_name": "u_Debunkingdebunk",
        "header_img": null,
        "title": "",
        "previous_names": [],
        "over_18": false,
        "icon_size": [
            256,
            256
        ],
        "primary_color": "",
        "icon_img": "https://styles.redditmedia.com/t5_3bekns/styles/profileIcon_snoof1d96f41-31ac-4e6a-aaf6-0b3fdd531a02-headshot-f.png?width=256&amp;height=256&amp;crop=256:256,smart&amp;s=35b7924877d02c2d536115d7453eff25fd6e66a8",
        "description": "",
        "submit_link_label": "",
        "header_size": null,
        "restrict_posting": true,
        "restrict_commenting": false,
        "subscribers": 0,
        "submit_text_label": "",
        "is_default_icon": false,
        "link_flair_position": "",
        "display_name_prefixed": "u/Debunkingdebunk",
        "key_color": "",
        "name": "t5_3bekns",
        "is_default_banner": true,
        "url": "/user/Debunkingdebunk/",
        "quarantine": false,
        "banner_size": null,
        "user_is_moderator": null,
        "accept_followers": true,
        "public_description": "Made you look, sucker.",
        "link_flair_enabled": false,
        "disable_contributor_requests": false,
        "subreddit_type": "user",
        "user_is_subscriber": null
    },
    "snoovatar_size": [
        380,
        600
    ],
    "awardee_karma": 0,
    "id": "8n44v138",
    "verified": true,
    "is_gold": false,
    "is_mod": false,
    "awarder_karma": 0,
    "has_verified_email": true,
    "icon_img": "https://styles.redditmedia.com/t5_3bekns/styles/profileIcon_snoof1d96f41-31ac-4e6a-aaf6-0b3fdd531a02-headshot-f.png?width=256&amp;height=256&amp;crop=256:256,smart&amp;s=35b7924877d02c2d536115d7453eff25fd6e66a8",
    "hide_from_robots": true,
    "link_karma": 1,
    "is_blocked": false,
    "total_karma": 5606,
    "pref_show_snoovatar": false,
    "name": "Debunkingdebunk",
    "created": 1603782396.0,
    "created_utc": 1603782396.0,
    "snoovatar_img": "https://i.redd.it/snoovatar/avatars/f1d96f41-31ac-4e6a-aaf6-0b3fdd531a02.png",
    "comment_karma": 5605,
    "accept_followers": true,
    "has_subscribed": true
}