{
    "is_employee": false,
    "is_friend": false,
    "subreddit": {
        "default_set": false,
        "user_is_contributor": null,
        "banner_img": "https://styles.redditmedia.com/t5_g6iim2/styles/profileBanner_guj6qkl72s8g1.jpg?width=1280&amp;height=384&amp;crop=1280:384,smart&amp;s=90bbd2dd263d213d6a2260258206dc24afcaf60c",
        "allowed_media_in_comments": [],
        "user_is_banned": null,
        "free_form_reports": true,
        "community_icon": null,
        "show_media": true,
        "icon_color": "",
        "user_is_muted": null,
        "display_name": "u_Demosthenesisk",
        "header_img": null,
        "title": "",
        "previous_names": [],
        "over_18": false,
        "icon_size": [
            256,
            256
        ],
        "primary_color": "",
        "icon_img": "https://styles.redditmedia.com/t5_g6iim2/styles/profileIcon_s7ougrjrtr8g1.jpeg?width=256&amp;height=256&amp;crop=256:256,smart&amp;s=e0a271ae17cdd27b420936732e1d6e9a6b6f5710",
        "description": "",
        "submit_link_label": "",
        "header_size": null,
        "restrict_posting": true,
        "restrict_commenting": false,
        "subscribers": 0,
        "submit_text_label": "",
        "is_default_icon": false,
        "link_flair_position": "",
        "display_name_prefixed": "u/Demosthenesisk",
        "key_color": "",
        "name": "t5_g6iim2",
        "is_default_banner": false,
        "url": "/user/Demosthenesisk/",
        "quarantine": false,
        "banner_size": [
            1280,
            384
        ],
        "user_is_moderator": null,
        "accept_followers": false,
        "public_description": "",
        "link_flair_enabled": false,
        "disable_contributor_requests": false,
        "subreddit_type": "user",
        "user_is_subscriber": null
    },
    "snoovatar_size": null,
    "awardee_karma": 0,
    "id": "24iandrgis",
    "verified": true,
    "is_gold": false,
    "is_mod": true,
    "awarder_karma": 0,
    "has_verified_email": true,
    "icon_img": "https://styles.redditmedia.com/t5_g6iim2/styles/profileIcon_s7ougrjrtr8g1.jpeg?width=256&amp;height=256&amp;crop=256:256,smart&amp;s=e0a271ae17cdd27b420936732e1d6e9a6b6f5710",
    "hide_from_robots": true,
    "link_karma": 68707,
    "is_blocked": false,
    "total_karma": 73759,
    "pref_show_snoovatar": false,
    "name": "Demosthenesisk",
    "created": 1766342291.0,
    "created_utc": 1766342291.0,
    "snoovatar_img": "",
    "comment_karma": 5052,
    "accept_followers": false,
    "has_subscribed": true
}