{
    "is_employee": false,
    "is_friend": false,
    "subreddit": {
        "default_set": true,
        "user_is_contributor": null,
        "banner_img": "https://styles.redditmedia.com/t5_85ogbk/styles/profileBanner_k2jhjh26oo3b1.png?width=1280&amp;height=384&amp;crop=1280:384,smart&amp;s=926d8f6bae55b20d1f98fa7e7804ad901bce4072",
        "allowed_media_in_comments": [],
        "user_is_banned": null,
        "free_form_reports": true,
        "community_icon": null,
        "show_media": true,
        "icon_color": "",
        "user_is_muted": null,
        "display_name": "u_Devwickk",
        "header_img": null,
        "title": "",
        "previous_names": [],
        "over_18": false,
        "icon_size": [
            256,
            256
        ],
        "primary_color": "",
        "icon_img": "https://i.redd.it/snoovatar/avatars/ba3dee41-a59e-468b-9e4c-6ca5b65077c0-headshot.png",
        "description": "",
        "submit_link_label": "",
        "header_size": null,
        "restrict_posting": true,
        "restrict_commenting": false,
        "subscribers": 0,
        "submit_text_label": "",
        "is_default_icon": false,
        "link_flair_position": "",
        "display_name_prefixed": "u/Devwickk",
        "key_color": "",
        "name": "t5_85ogbk",
        "is_default_banner": false,
        "url": "/user/Devwickk/",
        "quarantine": false,
        "banner_size": [
            1280,
            384
        ],
        "user_is_moderator": null,
        "accept_followers": true,
        "public_description": "Loading...",
        "link_flair_enabled": false,
        "disable_contributor_requests": false,
        "subreddit_type": "user",
        "user_is_subscriber": null
    },
    "snoovatar_size": [
        380,
        600
    ],
    "awardee_karma": 0,
    "id": "8fgnl688b",
    "verified": true,
    "is_gold": false,
    "is_mod": false,
    "awarder_karma": 0,
    "has_verified_email": true,
    "icon_img": "https://i.redd.it/snoovatar/avatars/ba3dee41-a59e-468b-9e4c-6ca5b65077c0-headshot.png",
    "hide_from_robots": false,
    "link_karma": 4475,
    "is_blocked": false,
    "total_karma": 36777,
    "pref_show_snoovatar": false,
    "name": "Devwickk",
    "created": 1680483582.0,
    "created_utc": 1680483582.0,
    "snoovatar_img": "https://i.redd.it/snoovatar/avatars/ba3dee41-a59e-468b-9e4c-6ca5b65077c0.png",
    "comment_karma": 32302,
    "accept_followers": true,
    "has_subscribed": true
}