{
    "is_employee": false,
    "is_friend": false,
    "subreddit": {
        "default_set": false,
        "user_is_contributor": null,
        "banner_img": "",
        "allowed_media_in_comments": [],
        "user_is_banned": null,
        "free_form_reports": true,
        "community_icon": null,
        "show_media": true,
        "icon_color": "",
        "user_is_muted": null,
        "display_name": "u_dino_spored",
        "header_img": null,
        "title": "",
        "previous_names": [],
        "over_18": true,
        "icon_size": [
            256,
            256
        ],
        "primary_color": "",
        "icon_img": "https://i.redd.it/snoovatar/avatars/baac5d2c-4a75-44dc-8502-7c6bee1e160f-headshot.png",
        "description": "",
        "submit_link_label": "",
        "header_size": null,
        "restrict_posting": true,
        "restrict_commenting": false,
        "subscribers": 0,
        "submit_text_label": "",
        "is_default_icon": false,
        "link_flair_position": "",
        "display_name_prefixed": "u/dino_spored",
        "key_color": "",
        "name": "t5_9k19gu",
        "is_default_banner": true,
        "url": "/user/dino_spored/",
        "quarantine": false,
        "banner_size": null,
        "user_is_moderator": null,
        "accept_followers": false,
        "public_description": "",
        "link_flair_enabled": false,
        "disable_contributor_requests": false,
        "subreddit_type": "user",
        "user_is_subscriber": null
    },
    "snoovatar_size": [
        380,
        600
    ],
    "awardee_karma": 0,
    "id": "le60a00d",
    "verified": true,
    "is_gold": false,
    "is_mod": false,
    "awarder_karma": 0,
    "has_verified_email": true,
    "icon_img": "https://i.redd.it/snoovatar/avatars/baac5d2c-4a75-44dc-8502-7c6bee1e160f-headshot.png",
    "hide_from_robots": true,
    "link_karma": 2289,
    "is_blocked": false,
    "total_karma": 10166,
    "pref_show_snoovatar": false,
    "name": "dino_spored",
    "created": 1696806993.0,
    "created_utc": 1696806993.0,
    "snoovatar_img": "https://i.redd.it/snoovatar/avatars/baac5d2c-4a75-44dc-8502-7c6bee1e160f.png",
    "comment_karma": 7877,
    "accept_followers": false,
    "has_subscribed": true
}