{
    "is_employee": false,
    "is_friend": false,
    "subreddit": {
        "default_set": true,
        "user_is_contributor": null,
        "banner_img": "",
        "allowed_media_in_comments": [],
        "user_is_banned": null,
        "free_form_reports": true,
        "community_icon": null,
        "show_media": true,
        "icon_color": "",
        "user_is_muted": null,
        "display_name": "u_doofpooferthethird",
        "header_img": null,
        "title": "doofpooferthethird",
        "previous_names": [],
        "over_18": false,
        "icon_size": [
            256,
            256
        ],
        "primary_color": "",
        "icon_img": "https://styles.redditmedia.com/t5_2dpzk0/styles/profileIcon_snoo8ac45b94-985f-4560-b2d3-5e63a88f0019-headshot-f.png?width=256&amp;height=256&amp;crop=256:256,smart&amp;s=1bf09139015b1fda7cec4f09607cf268ef73a40a",
        "description": "",
        "submit_link_label": "",
        "header_size": null,
        "restrict_posting": true,
        "restrict_commenting": false,
        "subscribers": 0,
        "submit_text_label": "",
        "is_default_icon": false,
        "link_flair_position": "",
        "display_name_prefixed": "u/doofpooferthethird",
        "key_color": "",
        "name": "t5_2dpzk0",
        "is_default_banner": true,
        "url": "/user/doofpooferthethird/",
        "quarantine": false,
        "banner_size": null,
        "user_is_moderator": null,
        "accept_followers": true,
        "public_description": "",
        "link_flair_enabled": false,
        "disable_contributor_requests": false,
        "subreddit_type": "user",
        "user_is_subscriber": null
    },
    "snoovatar_size": [
        380,
        600
    ],
    "awardee_karma": 0,
    "id": "5cryi9v6",
    "verified": true,
    "is_gold": false,
    "is_mod": true,
    "awarder_karma": 0,
    "has_verified_email": true,
    "icon_img": "https://styles.redditmedia.com/t5_2dpzk0/styles/profileIcon_snoo8ac45b94-985f-4560-b2d3-5e63a88f0019-headshot-f.png?width=256&amp;height=256&amp;crop=256:256,smart&amp;s=1bf09139015b1fda7cec4f09607cf268ef73a40a",
    "hide_from_robots": true,
    "link_karma": 13192,
    "is_blocked": false,
    "total_karma": 343740,
    "pref_show_snoovatar": false,
    "name": "doofpooferthethird",
    "created": 1579906487.0,
    "created_utc": 1579906487.0,
    "snoovatar_img": "https://i.redd.it/snoovatar/avatars/8ac45b94-985f-4560-b2d3-5e63a88f0019.png",
    "comment_karma": 330548,
    "accept_followers": true,
    "has_subscribed": true
}