{
    "is_employee": false,
    "is_friend": false,
    "subreddit": {
        "default_set": true,
        "user_is_contributor": null,
        "banner_img": "https://styles.redditmedia.com/t5_foq1al/styles/profileBanner_gh4kv70ccd5g1.png?width=1280&amp;height=384&amp;crop=1280:384,smart&amp;s=524156eba2940a5ee20b462e8a1f3bba2d2662ed",
        "allowed_media_in_comments": [],
        "user_is_banned": null,
        "free_form_reports": true,
        "community_icon": null,
        "show_media": true,
        "icon_color": "",
        "user_is_muted": null,
        "display_name": "u_dragonfruitdruid",
        "header_img": null,
        "title": "",
        "previous_names": [],
        "over_18": false,
        "icon_size": [
            256,
            256
        ],
        "primary_color": "",
        "icon_img": "https://i.redd.it/snoovatar/avatars/e1f376e1-bd8d-414c-9b8a-dfeb403aa608-headshot.png",
        "description": "",
        "submit_link_label": "",
        "header_size": null,
        "restrict_posting": true,
        "restrict_commenting": false,
        "subscribers": 0,
        "submit_text_label": "",
        "is_default_icon": false,
        "link_flair_position": "",
        "display_name_prefixed": "u/dragonfruitdruid",
        "key_color": "",
        "name": "t5_foq1al",
        "is_default_banner": false,
        "url": "/user/dragonfruitdruid/",
        "quarantine": false,
        "banner_size": [
            1280,
            384
        ],
        "user_is_moderator": null,
        "accept_followers": false,
        "public_description": "MINORS DO NOT INTERACT. You will get blocked. \n\nCybersecurity specialist. Kind of a bitch.",
        "link_flair_enabled": false,
        "disable_contributor_requests": false,
        "subreddit_type": "user",
        "user_is_subscriber": null
    },
    "snoovatar_size": [
        380,
        600
    ],
    "awardee_karma": 0,
    "id": "1qc3mbau9q",
    "verified": true,
    "is_gold": false,
    "is_mod": false,
    "awarder_karma": 0,
    "has_verified_email": true,
    "icon_img": "https://i.redd.it/snoovatar/avatars/e1f376e1-bd8d-414c-9b8a-dfeb403aa608-headshot.png",
    "hide_from_robots": false,
    "link_karma": 58,
    "is_blocked": false,
    "total_karma": 2782,
    "pref_show_snoovatar": false,
    "name": "dragonfruitdruid",
    "created": 1760751049.0,
    "created_utc": 1760751049.0,
    "snoovatar_img": "https://i.redd.it/snoovatar/avatars/e1f376e1-bd8d-414c-9b8a-dfeb403aa608.png",
    "comment_karma": 2724,
    "accept_followers": false,
    "has_subscribed": true
}