{
    "is_employee": false,
    "is_friend": false,
    "subreddit": {
        "default_set": true,
        "user_is_contributor": null,
        "banner_img": "https://styles.redditmedia.com/t5_2bpoxc/styles/profileBanner_j8ybymv4o9qd1.png?width=1280&amp;height=384&amp;crop=1280:384,smart&amp;s=1751d7e67c2f7418d3a6bd8d598f1cf9e764525d",
        "allowed_media_in_comments": [],
        "user_is_banned": null,
        "free_form_reports": true,
        "community_icon": null,
        "show_media": true,
        "icon_color": "",
        "user_is_muted": null,
        "display_name": "u_Drifter_of_Babylon",
        "header_img": null,
        "title": "The Mad Mesmerist of Medina ",
        "previous_names": [],
        "over_18": false,
        "icon_size": [
            256,
            256
        ],
        "primary_color": "",
        "icon_img": "https://styles.redditmedia.com/t5_2bpoxc/styles/profileIcon_4vv6kgm1jy4e1.png?width=256&amp;height=256&amp;crop=256:256,smart&amp;s=37126eb71857e71779b23f3fdb0c9ba45aade3c8",
        "description": "",
        "submit_link_label": "",
        "header_size": null,
        "restrict_posting": true,
        "restrict_commenting": false,
        "subscribers": 0,
        "submit_text_label": "",
        "is_default_icon": false,
        "link_flair_position": "",
        "display_name_prefixed": "u/Drifter_of_Babylon",
        "key_color": "",
        "name": "t5_2bpoxc",
        "is_default_banner": false,
        "url": "/user/Drifter_of_Babylon/",
        "quarantine": false,
        "banner_size": [
            1280,
            384
        ],
        "user_is_moderator": null,
        "accept_followers": true,
        "public_description": "The last of whatever I was, the first of whatever you\u2019re becoming to escape, and still, you choose it anyways.  ",
        "link_flair_enabled": false,
        "disable_contributor_requests": false,
        "subreddit_type": "user",
        "user_is_subscriber": null
    },
    "snoovatar_size": null,
    "awardee_karma": 0,
    "id": "4814s3ar",
    "verified": true,
    "is_gold": false,
    "is_mod": true,
    "awarder_karma": 0,
    "has_verified_email": true,
    "icon_img": "https://styles.redditmedia.com/t5_2bpoxc/styles/profileIcon_4vv6kgm1jy4e1.png?width=256&amp;height=256&amp;crop=256:256,smart&amp;s=37126eb71857e71779b23f3fdb0c9ba45aade3c8",
    "hide_from_robots": true,
    "link_karma": 71842,
    "is_blocked": false,
    "total_karma": 181343,
    "pref_show_snoovatar": false,
    "name": "Drifter_of_Babylon",
    "created": 1577837574.0,
    "created_utc": 1577837574.0,
    "snoovatar_img": "",
    "comment_karma": 109501,
    "accept_followers": true,
    "has_subscribed": true
}