{
    "is_employee": false,
    "is_friend": false,
    "subreddit": {
        "default_set": true,
        "user_is_contributor": null,
        "banner_img": "",
        "allowed_media_in_comments": [],
        "user_is_banned": null,
        "free_form_reports": true,
        "community_icon": null,
        "show_media": true,
        "icon_color": "",
        "user_is_muted": null,
        "display_name": "u_edurigon",
        "header_img": null,
        "title": "",
        "previous_names": [],
        "over_18": false,
        "icon_size": [
            256,
            256
        ],
        "primary_color": "",
        "icon_img": "https://styles.redditmedia.com/t5_avxfx/styles/profileIcon_snoo076d5ac9-8d28-457e-af48-350f5561f295-headshot.png?width=256&amp;height=256&amp;crop=256:256,smart&amp;s=779409702fc21ee73424a523f733abbaa95f7243",
        "description": "",
        "submit_link_label": "",
        "header_size": null,
        "restrict_posting": true,
        "restrict_commenting": false,
        "subscribers": 0,
        "submit_text_label": "",
        "is_default_icon": false,
        "link_flair_position": "",
        "display_name_prefixed": "u/edurigon",
        "key_color": "",
        "name": "t5_avxfx",
        "is_default_banner": true,
        "url": "/user/edurigon/",
        "quarantine": false,
        "banner_size": null,
        "user_is_moderator": null,
        "accept_followers": false,
        "public_description": "",
        "link_flair_enabled": false,
        "disable_contributor_requests": false,
        "subreddit_type": "user",
        "user_is_subscriber": null
    },
    "snoovatar_size": [
        380,
        600
    ],
    "awardee_karma": 0,
    "id": "11tl1g",
    "verified": true,
    "is_gold": false,
    "is_mod": false,
    "awarder_karma": 0,
    "has_verified_email": true,
    "icon_img": "https://styles.redditmedia.com/t5_avxfx/styles/profileIcon_snoo076d5ac9-8d28-457e-af48-350f5561f295-headshot.png?width=256&amp;height=256&amp;crop=256:256,smart&amp;s=779409702fc21ee73424a523f733abbaa95f7243",
    "hide_from_robots": false,
    "link_karma": 4411,
    "is_blocked": false,
    "total_karma": 32780,
    "pref_show_snoovatar": false,
    "name": "edurigon",
    "created": 1475384323.0,
    "created_utc": 1475384323.0,
    "snoovatar_img": "https://i.redd.it/snoovatar/avatars/076d5ac9-8d28-457e-af48-350f5561f295.png",
    "comment_karma": 28369,
    "accept_followers": false,
    "has_subscribed": true
}