{
    "is_employee": false,
    "is_friend": false,
    "subreddit": {
        "default_set": false,
        "user_is_contributor": null,
        "banner_img": "",
        "allowed_media_in_comments": [],
        "user_is_banned": null,
        "free_form_reports": true,
        "community_icon": null,
        "show_media": true,
        "icon_color": "",
        "user_is_muted": null,
        "display_name": "u_Emotional-Mango-5166",
        "header_img": null,
        "title": "Radical Left Scum",
        "previous_names": [],
        "over_18": false,
        "icon_size": [
            256,
            256
        ],
        "primary_color": "",
        "icon_img": "https://i.redd.it/snoovatar/avatars/1ca89d8a-31a6-42e9-a55d-5708e6de27a7-headshot.png",
        "description": "",
        "submit_link_label": "",
        "header_size": null,
        "restrict_posting": true,
        "restrict_commenting": false,
        "subscribers": 0,
        "submit_text_label": "",
        "is_default_icon": false,
        "link_flair_position": "",
        "display_name_prefixed": "u/Emotional-Mango-5166",
        "key_color": "",
        "name": "t5_fn7ll9",
        "is_default_banner": true,
        "url": "/user/Emotional-Mango-5166/",
        "quarantine": false,
        "banner_size": null,
        "user_is_moderator": null,
        "accept_followers": false,
        "public_description": "",
        "link_flair_enabled": false,
        "disable_contributor_requests": false,
        "subreddit_type": "user",
        "user_is_subscriber": null
    },
    "snoovatar_size": [
        380,
        600
    ],
    "awardee_karma": 0,
    "id": "1zpei64wex",
    "verified": true,
    "is_gold": false,
    "is_mod": false,
    "awarder_karma": 0,
    "has_verified_email": true,
    "icon_img": "https://i.redd.it/snoovatar/avatars/1ca89d8a-31a6-42e9-a55d-5708e6de27a7-headshot.png",
    "hide_from_robots": true,
    "link_karma": 1,
    "is_blocked": false,
    "total_karma": 4839,
    "pref_show_snoovatar": false,
    "name": "Emotional-Mango-5166",
    "created": 1760283330.0,
    "created_utc": 1760283330.0,
    "snoovatar_img": "https://i.redd.it/snoovatar/avatars/1ca89d8a-31a6-42e9-a55d-5708e6de27a7.png",
    "comment_karma": 4838,
    "accept_followers": false,
    "has_subscribed": true
}