{
    "is_employee": false,
    "is_friend": false,
    "subreddit": {
        "default_set": true,
        "user_is_contributor": null,
        "banner_img": "https://styles.redditmedia.com/t5_e3byc/styles/profileBanner_48wh65wwor7f1.png?width=1280&amp;height=384&amp;crop=1280:384,smart&amp;s=76d75f2613fff95bea91c081ec44ac532630b52b",
        "allowed_media_in_comments": [],
        "user_is_banned": null,
        "free_form_reports": true,
        "community_icon": null,
        "show_media": true,
        "icon_color": "",
        "user_is_muted": null,
        "display_name": "u_esotetris",
        "header_img": null,
        "title": "ABagFullofBags",
        "previous_names": [],
        "over_18": true,
        "icon_size": [
            256,
            256
        ],
        "primary_color": "",
        "icon_img": "https://styles.redditmedia.com/t5_e3byc/styles/profileIcon_mvys2i58rnc21.jpg?width=256&amp;height=256&amp;crop=256:256,smart&amp;s=d964b623bc694bfd48fcb21270be4cd8c6f003cb",
        "description": "",
        "submit_link_label": "",
        "header_size": null,
        "restrict_posting": true,
        "restrict_commenting": false,
        "subscribers": 0,
        "submit_text_label": "",
        "is_default_icon": false,
        "link_flair_position": "",
        "display_name_prefixed": "u/esotetris",
        "key_color": "",
        "name": "t5_e3byc",
        "is_default_banner": false,
        "url": "/user/esotetris/",
        "quarantine": false,
        "banner_size": [
            1280,
            384
        ],
        "user_is_moderator": null,
        "accept_followers": true,
        "public_description": "achievement unlocked",
        "link_flair_enabled": false,
        "disable_contributor_requests": false,
        "subreddit_type": "user",
        "user_is_subscriber": null
    },
    "snoovatar_size": null,
    "awardee_karma": 0,
    "id": "noc4w",
    "verified": true,
    "is_gold": false,
    "is_mod": true,
    "awarder_karma": 0,
    "has_verified_email": true,
    "icon_img": "https://styles.redditmedia.com/t5_e3byc/styles/profileIcon_mvys2i58rnc21.jpg?width=256&amp;height=256&amp;crop=256:256,smart&amp;s=d964b623bc694bfd48fcb21270be4cd8c6f003cb",
    "hide_from_robots": true,
    "link_karma": 63275,
    "is_blocked": false,
    "total_karma": 81148,
    "pref_show_snoovatar": false,
    "name": "esotetris",
    "created": 1432486488.0,
    "created_utc": 1432486488.0,
    "snoovatar_img": "",
    "comment_karma": 17873,
    "accept_followers": true,
    "has_subscribed": true
}