{
    "is_employee": false,
    "is_friend": false,
    "subreddit": {
        "default_set": true,
        "user_is_contributor": null,
        "banner_img": "",
        "allowed_media_in_comments": [],
        "user_is_banned": null,
        "free_form_reports": true,
        "community_icon": null,
        "show_media": true,
        "icon_color": "",
        "user_is_muted": null,
        "display_name": "u_Fake_William_Shatner",
        "header_img": null,
        "title": "",
        "previous_names": [],
        "over_18": false,
        "icon_size": [
            256,
            256
        ],
        "primary_color": "",
        "icon_img": "https://styles.redditmedia.com/t5_cdvew/styles/profileIcon_00knj7x4w8x51.jpg?width=256&amp;height=256&amp;crop=256:256,smart&amp;s=57c22f844953ec04650f0a6d8af3680762e85bcd",
        "description": "",
        "submit_link_label": "",
        "header_size": null,
        "restrict_posting": true,
        "restrict_commenting": false,
        "subscribers": 0,
        "submit_text_label": "",
        "is_default_icon": false,
        "link_flair_position": "",
        "display_name_prefixed": "u/Fake_William_Shatner",
        "key_color": "",
        "name": "t5_cdvew",
        "is_default_banner": true,
        "url": "/user/Fake_William_Shatner/",
        "quarantine": false,
        "banner_size": null,
        "user_is_moderator": null,
        "accept_followers": true,
        "public_description": "",
        "link_flair_enabled": false,
        "disable_contributor_requests": false,
        "subreddit_type": "user",
        "user_is_subscriber": null
    },
    "snoovatar_size": null,
    "awardee_karma": 0,
    "id": "8in5e",
    "verified": true,
    "is_gold": false,
    "is_mod": false,
    "awarder_karma": 0,
    "has_verified_email": true,
    "icon_img": "https://styles.redditmedia.com/t5_cdvew/styles/profileIcon_00knj7x4w8x51.jpg?width=256&amp;height=256&amp;crop=256:256,smart&amp;s=57c22f844953ec04650f0a6d8af3680762e85bcd",
    "hide_from_robots": true,
    "link_karma": 6469,
    "is_blocked": false,
    "total_karma": 1578121,
    "pref_show_snoovatar": false,
    "name": "Fake_William_Shatner",
    "created": 1343776861.0,
    "created_utc": 1343776861.0,
    "snoovatar_img": "",
    "comment_karma": 1571652,
    "accept_followers": true,
    "has_subscribed": true
}