{
    "is_employee": false,
    "is_friend": false,
    "subreddit": {
        "default_set": true,
        "user_is_contributor": null,
        "banner_img": "",
        "allowed_media_in_comments": [],
        "user_is_banned": null,
        "free_form_reports": true,
        "community_icon": null,
        "show_media": true,
        "icon_color": "",
        "user_is_muted": null,
        "display_name": "u_FartyJizzums",
        "header_img": null,
        "title": "",
        "previous_names": [],
        "over_18": false,
        "icon_size": [
            256,
            256
        ],
        "primary_color": "",
        "icon_img": "https://styles.redditmedia.com/t5_7wm1yr/styles/profileIcon_snoo08524513-5dcb-48ae-965a-3059c26af8dc-headshot.png?width=256&amp;height=256&amp;crop=256:256,smart&amp;s=d1382f8a8b3d1d809264c5548e033a414ab158f1",
        "description": "",
        "submit_link_label": "",
        "header_size": null,
        "restrict_posting": true,
        "restrict_commenting": false,
        "subscribers": 0,
        "submit_text_label": "",
        "is_default_icon": false,
        "link_flair_position": "",
        "display_name_prefixed": "u/FartyJizzums",
        "key_color": "",
        "name": "t5_7wm1yr",
        "is_default_banner": true,
        "url": "/user/FartyJizzums/",
        "quarantine": false,
        "banner_size": null,
        "user_is_moderator": null,
        "accept_followers": true,
        "public_description": "",
        "link_flair_enabled": false,
        "disable_contributor_requests": false,
        "subreddit_type": "user",
        "user_is_subscriber": null
    },
    "snoovatar_size": [
        380,
        600
    ],
    "awardee_karma": 0,
    "id": "63tjuwac",
    "verified": true,
    "is_gold": false,
    "is_mod": false,
    "awarder_karma": 0,
    "has_verified_email": true,
    "icon_img": "https://styles.redditmedia.com/t5_7wm1yr/styles/profileIcon_snoo08524513-5dcb-48ae-965a-3059c26af8dc-headshot.png?width=256&amp;height=256&amp;crop=256:256,smart&amp;s=d1382f8a8b3d1d809264c5548e033a414ab158f1",
    "hide_from_robots": false,
    "link_karma": 895,
    "is_blocked": false,
    "total_karma": 102232,
    "pref_show_snoovatar": false,
    "name": "FartyJizzums",
    "created": 1676191644.0,
    "created_utc": 1676191644.0,
    "snoovatar_img": "https://i.redd.it/snoovatar/avatars/08524513-5dcb-48ae-965a-3059c26af8dc.png",
    "comment_karma": 101337,
    "accept_followers": true,
    "has_subscribed": true
}