{
    "is_employee": false,
    "is_friend": false,
    "subreddit": {
        "default_set": false,
        "user_is_contributor": null,
        "banner_img": "https://styles.redditmedia.com/t5_3kwrc/styles/profileBanner_qjzgr4oy655e1.jpeg?width=1280&amp;height=384&amp;crop=1280:384,smart&amp;s=fc95c1dae07230a916365650509ce38cbe186508",
        "allowed_media_in_comments": [],
        "user_is_banned": null,
        "free_form_reports": true,
        "community_icon": null,
        "show_media": true,
        "icon_color": "",
        "user_is_muted": null,
        "display_name": "u_Floggered",
        "header_img": null,
        "title": "Floggered",
        "previous_names": [],
        "over_18": false,
        "icon_size": [
            256,
            256
        ],
        "primary_color": "",
        "icon_img": "https://i.redd.it/snoovatar/avatars/8da5ec72-62ef-4b80-8874-47ec6ea9535f-headshot.png",
        "description": "",
        "submit_link_label": "",
        "header_size": null,
        "restrict_posting": true,
        "restrict_commenting": false,
        "subscribers": 0,
        "submit_text_label": "",
        "is_default_icon": false,
        "link_flair_position": "",
        "display_name_prefixed": "u/Floggered",
        "key_color": "",
        "name": "t5_3kwrc",
        "is_default_banner": false,
        "url": "/user/Floggered/",
        "quarantine": false,
        "banner_size": [
            1280,
            384
        ],
        "user_is_moderator": null,
        "accept_followers": true,
        "public_description": "normalize blocking reposting fucktards. ",
        "link_flair_enabled": false,
        "disable_contributor_requests": false,
        "subreddit_type": "user",
        "user_is_subscriber": null
    },
    "snoovatar_size": [
        380,
        600
    ],
    "awardee_karma": 0,
    "id": "10as88",
    "verified": true,
    "is_gold": false,
    "is_mod": true,
    "awarder_karma": 0,
    "has_verified_email": true,
    "icon_img": "https://i.redd.it/snoovatar/avatars/8da5ec72-62ef-4b80-8874-47ec6ea9535f-headshot.png",
    "hide_from_robots": true,
    "link_karma": 1358,
    "is_blocked": false,
    "total_karma": 48003,
    "pref_show_snoovatar": false,
    "name": "Floggered",
    "created": 1470797734.0,
    "created_utc": 1470797734.0,
    "snoovatar_img": "https://i.redd.it/snoovatar/avatars/8da5ec72-62ef-4b80-8874-47ec6ea9535f.png",
    "comment_karma": 46645,
    "accept_followers": true,
    "has_subscribed": true
}