{
    "is_employee": false,
    "is_friend": false,
    "subreddit": {
        "default_set": true,
        "user_is_contributor": null,
        "banner_img": "",
        "allowed_media_in_comments": [],
        "user_is_banned": null,
        "free_form_reports": true,
        "community_icon": null,
        "show_media": true,
        "icon_color": "",
        "user_is_muted": null,
        "display_name": "u_Fooby56",
        "header_img": null,
        "title": "",
        "previous_names": [],
        "over_18": false,
        "icon_size": [
            256,
            256
        ],
        "primary_color": "",
        "icon_img": "https://i.redd.it/snoovatar/avatars/a11053fd-b06a-40c1-838b-c5acc1c0790b-headshot.png",
        "description": "",
        "submit_link_label": "",
        "header_size": null,
        "restrict_posting": true,
        "restrict_commenting": false,
        "subscribers": 0,
        "submit_text_label": "",
        "is_default_icon": false,
        "link_flair_position": "",
        "display_name_prefixed": "u/Fooby56",
        "key_color": "",
        "name": "t5_7v8a0",
        "is_default_banner": true,
        "url": "/user/Fooby56/",
        "quarantine": false,
        "banner_size": null,
        "user_is_moderator": null,
        "accept_followers": true,
        "public_description": "",
        "link_flair_enabled": false,
        "disable_contributor_requests": false,
        "subreddit_type": "user",
        "user_is_subscriber": null
    },
    "snoovatar_size": [
        380,
        600
    ],
    "awardee_karma": 0,
    "id": "5ekedps",
    "verified": true,
    "is_gold": false,
    "is_mod": false,
    "awarder_karma": 0,
    "has_verified_email": true,
    "icon_img": "https://i.redd.it/snoovatar/avatars/a11053fd-b06a-40c1-838b-c5acc1c0790b-headshot.png",
    "hide_from_robots": true,
    "link_karma": 13,
    "is_blocked": false,
    "total_karma": 15427,
    "pref_show_snoovatar": false,
    "name": "Fooby56",
    "created": 1498670496.0,
    "created_utc": 1498670496.0,
    "snoovatar_img": "https://i.redd.it/snoovatar/avatars/a11053fd-b06a-40c1-838b-c5acc1c0790b.png",
    "comment_karma": 15414,
    "accept_followers": true,
    "has_subscribed": true
}