{
    "is_employee": false,
    "is_friend": false,
    "subreddit": {
        "default_set": true,
        "user_is_contributor": null,
        "banner_img": "https://styles.redditmedia.com/t5_3gsu79/styles/profileBanner_m3asgbwdqlv71.jpg?width=1280&amp;height=384&amp;crop=1280:384,smart&amp;s=00d421040e7994243bde46b78410546dd8900c0f",
        "allowed_media_in_comments": [],
        "user_is_banned": null,
        "free_form_reports": true,
        "community_icon": null,
        "show_media": true,
        "icon_color": "",
        "user_is_muted": null,
        "display_name": "u_FRIENDSOFADEADGIRL",
        "header_img": null,
        "title": "",
        "previous_names": [],
        "over_18": false,
        "icon_size": [
            256,
            256
        ],
        "primary_color": "",
        "icon_img": "https://i.redd.it/snoovatar/avatars/nftv2_bmZ0X2VpcDE1NToxMzdfNmFjYjhmYjgyODgwZDM5YzJiODQ0NmY4Nzc4YTE0ZDM0ZWU2Y2ZiN180ODE2NTU_rare_14c1e158-7cd2-4720-8077-288e4857d540-headshot.png",
        "description": "",
        "submit_link_label": "",
        "header_size": null,
        "restrict_posting": true,
        "restrict_commenting": false,
        "subscribers": 0,
        "submit_text_label": "",
        "is_default_icon": false,
        "link_flair_position": "",
        "display_name_prefixed": "u/FRIENDSOFADEADGIRL",
        "key_color": "",
        "name": "t5_3gsu79",
        "is_default_banner": false,
        "url": "/user/FRIENDSOFADEADGIRL/",
        "quarantine": false,
        "banner_size": [
            1280,
            384
        ],
        "user_is_moderator": null,
        "accept_followers": true,
        "public_description": "Hard and mean shell. Sweet and squishy center. 30 years Professional corporate identity designer. Art studio Manager. Crossfit trained. Childhood trauma-free. Living to learn.",
        "link_flair_enabled": false,
        "disable_contributor_requests": false,
        "subreddit_type": "user",
        "user_is_subscriber": null
    },
    "snoovatar_size": [
        380,
        600
    ],
    "awardee_karma": 0,
    "id": "89mbgq5t",
    "verified": true,
    "is_gold": false,
    "is_mod": false,
    "awarder_karma": 0,
    "has_verified_email": true,
    "icon_img": "https://i.redd.it/snoovatar/avatars/nftv2_bmZ0X2VpcDE1NToxMzdfNmFjYjhmYjgyODgwZDM5YzJiODQ0NmY4Nzc4YTE0ZDM0ZWU2Y2ZiN180ODE2NTU_rare_14c1e158-7cd2-4720-8077-288e4857d540-headshot.png",
    "hide_from_robots": false,
    "link_karma": 9,
    "is_blocked": false,
    "total_karma": 2488,
    "pref_show_snoovatar": false,
    "name": "FRIENDSOFADEADGIRL",
    "created": 1606309104.0,
    "created_utc": 1606309104.0,
    "snoovatar_img": "https://i.redd.it/snoovatar/avatars/nftv2_bmZ0X2VpcDE1NToxMzdfNmFjYjhmYjgyODgwZDM5YzJiODQ0NmY4Nzc4YTE0ZDM0ZWU2Y2ZiN180ODE2NTU_rare_14c1e158-7cd2-4720-8077-288e4857d540.png",
    "comment_karma": 2479,
    "accept_followers": true,
    "has_subscribed": true
}