{
    "is_employee": false,
    "is_friend": false,
    "subreddit": {
        "default_set": true,
        "user_is_contributor": null,
        "banner_img": "https://styles.redditmedia.com/t5_2heb4t/styles/profileBanner_lusyrlospja91.jpg?width=1280&amp;height=384&amp;crop=1280:384,smart&amp;s=d02a2d678beb37894905c57f9ff8c54172be2845",
        "allowed_media_in_comments": [],
        "user_is_banned": null,
        "free_form_reports": true,
        "community_icon": null,
        "show_media": true,
        "icon_color": "",
        "user_is_muted": null,
        "display_name": "u_FuriousAnimeMan",
        "header_img": null,
        "title": "Daily Dose Of Pixar",
        "previous_names": [],
        "over_18": true,
        "icon_size": [
            256,
            256
        ],
        "primary_color": "",
        "icon_img": "https://styles.redditmedia.com/t5_2heb4t/styles/profileIcon_hwsgy3tloifb1.jpg?width=256&amp;height=256&amp;crop=256:256,smart&amp;s=79924d6b1366112b63a877ab686a674eaab5dfc3",
        "description": "",
        "submit_link_label": "",
        "header_size": null,
        "restrict_posting": true,
        "restrict_commenting": false,
        "subscribers": 0,
        "submit_text_label": "",
        "is_default_icon": false,
        "link_flair_position": "",
        "display_name_prefixed": "u/FuriousAnimeMan",
        "key_color": "",
        "name": "t5_2heb4t",
        "is_default_banner": false,
        "url": "/user/FuriousAnimeMan/",
        "quarantine": false,
        "banner_size": [
            1280,
            384
        ],
        "user_is_moderator": null,
        "accept_followers": true,
        "public_description": "Pixar Historian.",
        "link_flair_enabled": false,
        "disable_contributor_requests": false,
        "subreddit_type": "user",
        "user_is_subscriber": null
    },
    "snoovatar_size": null,
    "awardee_karma": 0,
    "id": "5wburom0",
    "verified": true,
    "is_gold": false,
    "is_mod": false,
    "awarder_karma": 0,
    "has_verified_email": true,
    "icon_img": "https://styles.redditmedia.com/t5_2heb4t/styles/profileIcon_hwsgy3tloifb1.jpg?width=256&amp;height=256&amp;crop=256:256,smart&amp;s=79924d6b1366112b63a877ab686a674eaab5dfc3",
    "hide_from_robots": false,
    "link_karma": 2400,
    "is_blocked": false,
    "total_karma": 6462,
    "pref_show_snoovatar": false,
    "name": "FuriousAnimeMan",
    "created": 1583863851.0,
    "created_utc": 1583863851.0,
    "snoovatar_img": "",
    "comment_karma": 4062,
    "accept_followers": true,
    "has_subscribed": true
}