{
    "is_employee": false,
    "is_friend": false,
    "subreddit": {
        "default_set": true,
        "user_is_contributor": null,
        "banner_img": "",
        "allowed_media_in_comments": [],
        "user_is_banned": null,
        "free_form_reports": true,
        "community_icon": null,
        "show_media": true,
        "icon_color": "",
        "user_is_muted": null,
        "display_name": "u_gibbyfromicarlyTM",
        "header_img": null,
        "title": "GibbyPeen",
        "previous_names": [],
        "over_18": true,
        "icon_size": [
            256,
            256
        ],
        "primary_color": "",
        "icon_img": "https://styles.redditmedia.com/t5_25djt1/styles/profileIcon_daqibm2up5yb1.jpg?width=256&amp;height=256&amp;crop=256:256,smart&amp;s=acb4c5ca5d5a524f590c4098665074fc311a1a3a",
        "description": "",
        "submit_link_label": "",
        "header_size": null,
        "restrict_posting": true,
        "restrict_commenting": false,
        "subscribers": 0,
        "submit_text_label": "",
        "is_default_icon": false,
        "link_flair_position": "",
        "display_name_prefixed": "u/gibbyfromicarlyTM",
        "key_color": "",
        "name": "t5_25djt1",
        "is_default_banner": true,
        "url": "/user/gibbyfromicarlyTM/",
        "quarantine": false,
        "banner_size": null,
        "user_is_moderator": null,
        "accept_followers": true,
        "public_description": "",
        "link_flair_enabled": false,
        "disable_contributor_requests": false,
        "subreddit_type": "user",
        "user_is_subscriber": null
    },
    "snoovatar_size": null,
    "awardee_karma": 0,
    "id": "4nihreyl",
    "verified": true,
    "is_gold": false,
    "is_mod": true,
    "awarder_karma": 0,
    "has_verified_email": true,
    "icon_img": "https://styles.redditmedia.com/t5_25djt1/styles/profileIcon_daqibm2up5yb1.jpg?width=256&amp;height=256&amp;crop=256:256,smart&amp;s=acb4c5ca5d5a524f590c4098665074fc311a1a3a",
    "hide_from_robots": false,
    "link_karma": 24903,
    "is_blocked": false,
    "total_karma": 56305,
    "pref_show_snoovatar": false,
    "name": "gibbyfromicarlyTM",
    "created": 1569279256.0,
    "created_utc": 1569279256.0,
    "snoovatar_img": "",
    "comment_karma": 31402,
    "accept_followers": true,
    "has_subscribed": true
}