{
    "is_employee": false,
    "is_friend": false,
    "subreddit": {
        "default_set": false,
        "user_is_contributor": null,
        "banner_img": "https://styles.redditmedia.com/t5_8ikfba/styles/profileBanner_ww70f5awgs8d1.png?width=1280&amp;height=384&amp;crop=1280:384,smart&amp;s=5b767c3840fd03f7556f88bbe9a82b903db6a817",
        "allowed_media_in_comments": [],
        "user_is_banned": null,
        "free_form_reports": true,
        "community_icon": null,
        "show_media": true,
        "icon_color": "",
        "user_is_muted": null,
        "display_name": "u_GiftToTheUniverse",
        "header_img": null,
        "title": "GiftToTheUniverse",
        "previous_names": [],
        "over_18": false,
        "icon_size": [
            256,
            256
        ],
        "primary_color": "",
        "icon_img": "https://i.redd.it/snoovatar/avatars/6cc30d39-9a3c-4f22-8eb6-58e92a1a47db-headshot.png",
        "description": "",
        "submit_link_label": "",
        "header_size": null,
        "restrict_posting": true,
        "restrict_commenting": false,
        "subscribers": 0,
        "submit_text_label": "",
        "is_default_icon": false,
        "link_flair_position": "",
        "display_name_prefixed": "u/GiftToTheUniverse",
        "key_color": "",
        "name": "t5_8ikfba",
        "is_default_banner": false,
        "url": "/user/GiftToTheUniverse/",
        "quarantine": false,
        "banner_size": [
            1280,
            384
        ],
        "user_is_moderator": null,
        "accept_followers": true,
        "public_description": "\nIt's my joy to connect with other beings. \n\nWe elevate each other! \n\nI'm a working electrician in Los Angeles, California.",
        "link_flair_enabled": false,
        "disable_contributor_requests": false,
        "subreddit_type": "user",
        "user_is_subscriber": null
    },
    "snoovatar_size": [
        380,
        600
    ],
    "awardee_karma": 0,
    "id": "cl4kqedzh",
    "verified": true,
    "is_gold": false,
    "is_mod": true,
    "awarder_karma": 0,
    "has_verified_email": true,
    "icon_img": "https://i.redd.it/snoovatar/avatars/6cc30d39-9a3c-4f22-8eb6-58e92a1a47db-headshot.png",
    "hide_from_robots": true,
    "link_karma": 11288,
    "is_blocked": false,
    "total_karma": 125121,
    "pref_show_snoovatar": false,
    "name": "GiftToTheUniverse",
    "created": 1685726537.0,
    "created_utc": 1685726537.0,
    "snoovatar_img": "https://i.redd.it/snoovatar/avatars/6cc30d39-9a3c-4f22-8eb6-58e92a1a47db.png",
    "comment_karma": 113833,
    "accept_followers": true,
    "has_subscribed": true
}