{
    "is_employee": false,
    "is_friend": false,
    "subreddit": {
        "default_set": true,
        "user_is_contributor": null,
        "banner_img": "",
        "allowed_media_in_comments": [],
        "user_is_banned": null,
        "free_form_reports": true,
        "community_icon": null,
        "show_media": true,
        "icon_color": "#94B3FF",
        "user_is_muted": null,
        "display_name": "u_Global_Crew3968",
        "header_img": null,
        "title": "",
        "previous_names": [],
        "over_18": false,
        "icon_size": [
            256,
            256
        ],
        "primary_color": "",
        "icon_img": "https://www.redditstatic.com/avatars/defaults/v2/avatar_default_6.png",
        "description": "",
        "submit_link_label": "",
        "header_size": null,
        "restrict_posting": true,
        "restrict_commenting": false,
        "subscribers": 0,
        "submit_text_label": "",
        "is_default_icon": true,
        "link_flair_position": "",
        "display_name_prefixed": "u/Global_Crew3968",
        "key_color": "",
        "name": "t5_47w6sg",
        "is_default_banner": true,
        "url": "/user/Global_Crew3968/",
        "quarantine": false,
        "banner_size": null,
        "user_is_moderator": null,
        "accept_followers": true,
        "public_description": "",
        "link_flair_enabled": false,
        "disable_contributor_requests": false,
        "subreddit_type": "user",
        "user_is_subscriber": null
    },
    "snoovatar_size": null,
    "awardee_karma": 0,
    "id": "bdwekx7i",
    "verified": true,
    "is_gold": false,
    "is_mod": false,
    "awarder_karma": 0,
    "has_verified_email": true,
    "icon_img": "https://www.redditstatic.com/avatars/defaults/v2/avatar_default_6.png",
    "hide_from_robots": true,
    "link_karma": 1625,
    "is_blocked": false,
    "total_karma": 165849,
    "pref_show_snoovatar": false,
    "name": "Global_Crew3968",
    "created": 1617768879.0,
    "created_utc": 1617768879.0,
    "snoovatar_img": "",
    "comment_karma": 164224,
    "accept_followers": true,
    "has_subscribed": true
}