{
    "is_employee": false,
    "is_friend": false,
    "subreddit": {
        "default_set": true,
        "user_is_contributor": null,
        "banner_img": "",
        "allowed_media_in_comments": [],
        "user_is_banned": null,
        "free_form_reports": true,
        "community_icon": null,
        "show_media": true,
        "icon_color": "",
        "user_is_muted": null,
        "display_name": "u_granolabeef",
        "header_img": null,
        "title": "",
        "previous_names": [],
        "over_18": false,
        "icon_size": [
            256,
            256
        ],
        "primary_color": "",
        "icon_img": "https://styles.redditmedia.com/t5_4f88pj/styles/profileIcon_snoo4cbd1bae-f51f-41fc-b8aa-6fdee08477f3-headshot.png?width=256&amp;height=256&amp;crop=256:256,smart&amp;s=f300fa9658af7dc359b8c3aebef79481570a4aaf",
        "description": "",
        "submit_link_label": "",
        "header_size": null,
        "restrict_posting": true,
        "restrict_commenting": false,
        "subscribers": 0,
        "submit_text_label": "",
        "is_default_icon": false,
        "link_flair_position": "",
        "display_name_prefixed": "u/granolabeef",
        "key_color": "",
        "name": "t5_4f88pj",
        "is_default_banner": true,
        "url": "/user/granolabeef/",
        "quarantine": false,
        "banner_size": null,
        "user_is_moderator": null,
        "accept_followers": true,
        "public_description": "",
        "link_flair_enabled": false,
        "disable_contributor_requests": false,
        "subreddit_type": "user",
        "user_is_subscriber": null
    },
    "snoovatar_size": [
        380,
        600
    ],
    "awardee_karma": 0,
    "id": "c5j39z77",
    "verified": true,
    "is_gold": false,
    "is_mod": false,
    "awarder_karma": 0,
    "has_verified_email": false,
    "icon_img": "https://styles.redditmedia.com/t5_4f88pj/styles/profileIcon_snoo4cbd1bae-f51f-41fc-b8aa-6fdee08477f3-headshot.png?width=256&amp;height=256&amp;crop=256:256,smart&amp;s=f300fa9658af7dc359b8c3aebef79481570a4aaf",
    "hide_from_robots": false,
    "link_karma": 2228,
    "is_blocked": false,
    "total_karma": 23327,
    "pref_show_snoovatar": false,
    "name": "granolabeef",
    "created": 1621118280.0,
    "created_utc": 1621118280.0,
    "snoovatar_img": "https://i.redd.it/snoovatar/avatars/4cbd1bae-f51f-41fc-b8aa-6fdee08477f3.png",
    "comment_karma": 21099,
    "accept_followers": true,
    "has_subscribed": true
}