{
    "is_employee": false,
    "is_friend": false,
    "subreddit": {
        "default_set": false,
        "user_is_contributor": null,
        "banner_img": "",
        "allowed_media_in_comments": [],
        "user_is_banned": null,
        "free_form_reports": true,
        "community_icon": null,
        "show_media": true,
        "icon_color": "",
        "user_is_muted": null,
        "display_name": "u_GreenEggzAndSpam",
        "header_img": null,
        "title": "",
        "previous_names": [],
        "over_18": false,
        "icon_size": [
            256,
            256
        ],
        "primary_color": "",
        "icon_img": "https://styles.redditmedia.com/t5_cv82p/styles/profileIcon_snoofb4e2ed8-e618-4e28-bbbe-a75885ed8da1-headshot.png?width=256&amp;height=256&amp;crop=256:256,smart&amp;s=15bbe65f1d5c3dff66567adb49fe86e8085d3b85",
        "description": "",
        "submit_link_label": "",
        "header_size": null,
        "restrict_posting": true,
        "restrict_commenting": false,
        "subscribers": 0,
        "submit_text_label": "",
        "is_default_icon": false,
        "link_flair_position": "",
        "display_name_prefixed": "u/GreenEggzAndSpam",
        "key_color": "",
        "name": "t5_cv82p",
        "is_default_banner": true,
        "url": "/user/GreenEggzAndSpam/",
        "quarantine": false,
        "banner_size": null,
        "user_is_moderator": null,
        "accept_followers": true,
        "public_description": "",
        "link_flair_enabled": false,
        "disable_contributor_requests": false,
        "subreddit_type": "user",
        "user_is_subscriber": null
    },
    "snoovatar_size": [
        380,
        600
    ],
    "awardee_karma": 0,
    "id": "j5ris",
    "verified": true,
    "is_gold": false,
    "is_mod": false,
    "awarder_karma": 0,
    "has_verified_email": true,
    "icon_img": "https://styles.redditmedia.com/t5_cv82p/styles/profileIcon_snoofb4e2ed8-e618-4e28-bbbe-a75885ed8da1-headshot.png?width=256&amp;height=256&amp;crop=256:256,smart&amp;s=15bbe65f1d5c3dff66567adb49fe86e8085d3b85",
    "hide_from_robots": false,
    "link_karma": 275,
    "is_blocked": false,
    "total_karma": 28351,
    "pref_show_snoovatar": false,
    "name": "GreenEggzAndSpam",
    "created": 1414905792.0,
    "created_utc": 1414905792.0,
    "snoovatar_img": "https://i.redd.it/snoovatar/avatars/fb4e2ed8-e618-4e28-bbbe-a75885ed8da1.png",
    "comment_karma": 28076,
    "accept_followers": true,
    "has_subscribed": true
}