{
    "is_employee": false,
    "is_friend": false,
    "subreddit": {
        "default_set": true,
        "user_is_contributor": null,
        "banner_img": "https://styles.redditmedia.com/t5_3kih2/styles/profileBanner_1pbdt839hcee1.jpeg?width=1280&amp;height=384&amp;crop=1280:384,smart&amp;s=92ca779de5d7d0a7e86504714ade0fbf1f2dbb08",
        "allowed_media_in_comments": [],
        "user_is_banned": null,
        "free_form_reports": true,
        "community_icon": null,
        "show_media": true,
        "icon_color": "",
        "user_is_muted": null,
        "display_name": "u_GrumpyFinn",
        "header_img": null,
        "title": "GrumpyFinn",
        "previous_names": [],
        "over_18": false,
        "icon_size": [
            256,
            256
        ],
        "primary_color": "",
        "icon_img": "https://styles.redditmedia.com/t5_3kih2/styles/profileIcon_g5xo7px3hcee1.png?width=256&amp;height=256&amp;crop=256:256,smart&amp;s=302816082d8f259137735563331c77c2f8ce58b1",
        "description": "",
        "submit_link_label": "",
        "header_size": null,
        "restrict_posting": true,
        "restrict_commenting": false,
        "subscribers": 0,
        "submit_text_label": "",
        "is_default_icon": false,
        "link_flair_position": "",
        "display_name_prefixed": "u/GrumpyFinn",
        "key_color": "",
        "name": "t5_3kih2",
        "is_default_banner": false,
        "url": "/user/GrumpyFinn/",
        "quarantine": false,
        "banner_size": [
            1280,
            384
        ],
        "user_is_moderator": null,
        "accept_followers": false,
        "public_description": "The most special of snowflakes.",
        "link_flair_enabled": false,
        "disable_contributor_requests": false,
        "subreddit_type": "user",
        "user_is_subscriber": null
    },
    "snoovatar_size": null,
    "awardee_karma": 0,
    "id": "ba2bv",
    "verified": true,
    "is_gold": true,
    "is_mod": true,
    "awarder_karma": 0,
    "has_verified_email": true,
    "icon_img": "https://styles.redditmedia.com/t5_3kih2/styles/profileIcon_g5xo7px3hcee1.png?width=256&amp;height=256&amp;crop=256:256,smart&amp;s=302816082d8f259137735563331c77c2f8ce58b1",
    "hide_from_robots": true,
    "link_karma": 206867,
    "is_blocked": false,
    "total_karma": 368421,
    "pref_show_snoovatar": true,
    "name": "GrumpyFinn",
    "created": 1365686508.0,
    "created_utc": 1365686508.0,
    "snoovatar_img": "",
    "comment_karma": 161554,
    "accept_followers": false,
    "has_subscribed": true
}