{
    "is_employee": false,
    "is_friend": false,
    "subreddit": {
        "default_set": false,
        "user_is_contributor": null,
        "banner_img": "",
        "allowed_media_in_comments": [],
        "user_is_banned": null,
        "free_form_reports": true,
        "community_icon": null,
        "show_media": true,
        "icon_color": "",
        "user_is_muted": null,
        "display_name": "u_guavaman202",
        "header_img": null,
        "title": "",
        "previous_names": [],
        "over_18": false,
        "icon_size": [
            256,
            256
        ],
        "primary_color": "",
        "icon_img": "https://styles.redditmedia.com/t5_1zllfg/styles/profileIcon_snoo257eaab6-5680-4a24-86b6-71c1b1ff7483-headshot.png?width=256&amp;height=256&amp;crop=256:256,smart&amp;s=4f599b12af030a0db9cb350226d49ede423cd815",
        "description": "",
        "submit_link_label": "",
        "header_size": null,
        "restrict_posting": true,
        "restrict_commenting": false,
        "subscribers": 0,
        "submit_text_label": "",
        "is_default_icon": false,
        "link_flair_position": "",
        "display_name_prefixed": "u/guavaman202",
        "key_color": "",
        "name": "t5_1zllfg",
        "is_default_banner": true,
        "url": "/user/guavaman202/",
        "quarantine": false,
        "banner_size": null,
        "user_is_moderator": null,
        "accept_followers": true,
        "public_description": "",
        "link_flair_enabled": false,
        "disable_contributor_requests": false,
        "subreddit_type": "user",
        "user_is_subscriber": null
    },
    "snoovatar_size": [
        380,
        600
    ],
    "awardee_karma": 0,
    "id": "5twgt",
    "verified": true,
    "is_gold": false,
    "is_mod": true,
    "awarder_karma": 0,
    "has_verified_email": true,
    "icon_img": "https://styles.redditmedia.com/t5_1zllfg/styles/profileIcon_snoo257eaab6-5680-4a24-86b6-71c1b1ff7483-headshot.png?width=256&amp;height=256&amp;crop=256:256,smart&amp;s=4f599b12af030a0db9cb350226d49ede423cd815",
    "hide_from_robots": true,
    "link_karma": 1349,
    "is_blocked": false,
    "total_karma": 6700,
    "pref_show_snoovatar": false,
    "name": "guavaman202",
    "created": 1315627384.0,
    "created_utc": 1315627384.0,
    "snoovatar_img": "https://i.redd.it/snoovatar/avatars/257eaab6-5680-4a24-86b6-71c1b1ff7483.png",
    "comment_karma": 5351,
    "accept_followers": true,
    "has_subscribed": true
}