{
    "is_employee": false,
    "is_friend": false,
    "subreddit": {
        "default_set": true,
        "user_is_contributor": null,
        "banner_img": "",
        "allowed_media_in_comments": [],
        "user_is_banned": null,
        "free_form_reports": true,
        "community_icon": null,
        "show_media": true,
        "icon_color": "",
        "user_is_muted": null,
        "display_name": "u_Gulliveig",
        "header_img": null,
        "title": "",
        "previous_names": [],
        "over_18": false,
        "icon_size": [
            256,
            256
        ],
        "primary_color": "",
        "icon_img": "https://styles.redditmedia.com/t5_aqdmb/styles/profileIcon_snooc59d39ae-079c-4ded-a8bc-a497e8768f50-headshot-f.png?width=256&amp;height=256&amp;crop=256:256,smart&amp;s=f974285cef8854d6de4ce90e2b65c88dc90110c1",
        "description": "",
        "submit_link_label": "",
        "header_size": null,
        "restrict_posting": true,
        "restrict_commenting": false,
        "subscribers": 0,
        "submit_text_label": "",
        "is_default_icon": false,
        "link_flair_position": "",
        "display_name_prefixed": "u/Gulliveig",
        "key_color": "",
        "name": "t5_aqdmb",
        "is_default_banner": true,
        "url": "/user/Gulliveig/",
        "quarantine": false,
        "banner_size": null,
        "user_is_moderator": null,
        "accept_followers": false,
        "public_description": "",
        "link_flair_enabled": false,
        "disable_contributor_requests": false,
        "subreddit_type": "user",
        "user_is_subscriber": null
    },
    "snoovatar_size": [
        380,
        600
    ],
    "awardee_karma": 0,
    "id": "3pb0c",
    "verified": true,
    "is_gold": false,
    "is_mod": true,
    "awarder_karma": 0,
    "has_verified_email": true,
    "icon_img": "https://styles.redditmedia.com/t5_aqdmb/styles/profileIcon_snooc59d39ae-079c-4ded-a8bc-a497e8768f50-headshot-f.png?width=256&amp;height=256&amp;crop=256:256,smart&amp;s=f974285cef8854d6de4ce90e2b65c88dc90110c1",
    "hide_from_robots": false,
    "link_karma": 92064,
    "is_blocked": false,
    "total_karma": 280506,
    "pref_show_snoovatar": false,
    "name": "Gulliveig",
    "created": 1257064386.0,
    "created_utc": 1257064386.0,
    "snoovatar_img": "https://i.redd.it/snoovatar/avatars/c59d39ae-079c-4ded-a8bc-a497e8768f50.png",
    "comment_karma": 188442,
    "accept_followers": false,
    "has_subscribed": true
}