{
    "is_employee": false,
    "is_friend": false,
    "subreddit": {
        "default_set": true,
        "user_is_contributor": null,
        "banner_img": "https://styles.redditmedia.com/t5_ev9ure/styles/profileBanner_5vf0v6ar4mgf1.jpg?width=1280&amp;height=384&amp;crop=1280:384,smart&amp;s=8be3db2d97b3583a70080cdb8b09b96f075cc045",
        "allowed_media_in_comments": [],
        "user_is_banned": null,
        "free_form_reports": true,
        "community_icon": null,
        "show_media": true,
        "icon_color": "",
        "user_is_muted": null,
        "display_name": "u_guysitsausername",
        "header_img": null,
        "title": "guysitsausername",
        "previous_names": [],
        "over_18": false,
        "icon_size": [
            256,
            256
        ],
        "primary_color": "",
        "icon_img": "https://styles.redditmedia.com/t5_ev9ure/styles/profileIcon_1ocwv7surabf1.jpg?width=256&amp;height=256&amp;crop=256:256,smart&amp;s=cd838d0760bf081930f06a62dd90df4daf6a168b",
        "description": "",
        "submit_link_label": "",
        "header_size": null,
        "restrict_posting": true,
        "restrict_commenting": false,
        "subscribers": 0,
        "submit_text_label": "",
        "is_default_icon": false,
        "link_flair_position": "",
        "display_name_prefixed": "u/guysitsausername",
        "key_color": "",
        "name": "t5_ev9ure",
        "is_default_banner": false,
        "url": "/user/guysitsausername/",
        "quarantine": false,
        "banner_size": [
            1280,
            384
        ],
        "user_is_moderator": null,
        "accept_followers": true,
        "public_description": "Curator of ephemeral tangents, synthesizing paradoxical synergies in pursuit of reiterative stillness. Allegedly optimizing entropy with artisanal algorithms. Results may vary.\n",
        "link_flair_enabled": false,
        "disable_contributor_requests": false,
        "subreddit_type": "user",
        "user_is_subscriber": null
    },
    "snoovatar_size": null,
    "awardee_karma": 0,
    "id": "1mz4j4a4qn",
    "verified": true,
    "is_gold": false,
    "is_mod": false,
    "awarder_karma": 0,
    "has_verified_email": true,
    "icon_img": "https://styles.redditmedia.com/t5_ev9ure/styles/profileIcon_1ocwv7surabf1.jpg?width=256&amp;height=256&amp;crop=256:256,smart&amp;s=cd838d0760bf081930f06a62dd90df4daf6a168b",
    "hide_from_robots": false,
    "link_karma": 2740,
    "is_blocked": false,
    "total_karma": 61616,
    "pref_show_snoovatar": false,
    "name": "guysitsausername",
    "created": 1751843893.0,
    "created_utc": 1751843893.0,
    "snoovatar_img": "",
    "comment_karma": 58876,
    "accept_followers": true,
    "has_subscribed": true
}