{
    "is_employee": false,
    "is_friend": false,
    "subreddit": {
        "default_set": true,
        "user_is_contributor": null,
        "banner_img": "https://styles.redditmedia.com/t5_fe0zi/styles/profileBanner_vipey7l4xsmf1.jpeg?width=1280&amp;height=384&amp;crop=1280:384,smart&amp;s=5f7ba69e497b2488dcfee5b624e4d1fd5818fb99",
        "allowed_media_in_comments": [],
        "user_is_banned": null,
        "free_form_reports": true,
        "community_icon": null,
        "show_media": true,
        "icon_color": "",
        "user_is_muted": null,
        "display_name": "u_haljstar",
        "header_img": null,
        "title": "",
        "previous_names": [],
        "over_18": true,
        "icon_size": [
            256,
            256
        ],
        "primary_color": "",
        "icon_img": "https://i.redd.it/snoovatar/avatars/nftv2_bmZ0X2VpcDE1NToxMzdfNmFjYjhmYjgyODgwZDM5YzJiODQ0NmY4Nzc4YTE0ZDM0ZWU2Y2ZiN183OTk0OTQ_rare_34468981-6ea8-4d16-bb17-0dd39a021ef8-headshot.png",
        "description": "",
        "submit_link_label": "",
        "header_size": null,
        "restrict_posting": true,
        "restrict_commenting": false,
        "subscribers": 0,
        "submit_text_label": "",
        "is_default_icon": false,
        "link_flair_position": "",
        "display_name_prefixed": "u/haljstar",
        "key_color": "",
        "name": "t5_fe0zi",
        "is_default_banner": false,
        "url": "/user/haljstar/",
        "quarantine": false,
        "banner_size": [
            1280,
            384
        ],
        "user_is_moderator": null,
        "accept_followers": false,
        "public_description": "",
        "link_flair_enabled": false,
        "disable_contributor_requests": false,
        "subreddit_type": "user",
        "user_is_subscriber": null
    },
    "snoovatar_size": [
        380,
        600
    ],
    "awardee_karma": 0,
    "id": "vapq0v5",
    "verified": true,
    "is_gold": false,
    "is_mod": true,
    "awarder_karma": 0,
    "has_verified_email": true,
    "icon_img": "https://i.redd.it/snoovatar/avatars/nftv2_bmZ0X2VpcDE1NToxMzdfNmFjYjhmYjgyODgwZDM5YzJiODQ0NmY4Nzc4YTE0ZDM0ZWU2Y2ZiN183OTk0OTQ_rare_34468981-6ea8-4d16-bb17-0dd39a021ef8-headshot.png",
    "hide_from_robots": true,
    "link_karma": 751,
    "is_blocked": false,
    "total_karma": 1460,
    "pref_show_snoovatar": false,
    "name": "haljstar",
    "created": 1517711579.0,
    "created_utc": 1517711579.0,
    "snoovatar_img": "https://i.redd.it/snoovatar/avatars/nftv2_bmZ0X2VpcDE1NToxMzdfNmFjYjhmYjgyODgwZDM5YzJiODQ0NmY4Nzc4YTE0ZDM0ZWU2Y2ZiN183OTk0OTQ_rare_34468981-6ea8-4d16-bb17-0dd39a021ef8.png",
    "comment_karma": 709,
    "accept_followers": false,
    "has_subscribed": true
}