{
    "is_employee": false,
    "is_friend": false,
    "subreddit": {
        "default_set": true,
        "user_is_contributor": null,
        "banner_img": "https://styles.redditmedia.com/t5_21kz2j/styles/profileBanner_w6z9rplukvy81.jpg?width=1280&amp;height=384&amp;crop=1280:384,smart&amp;s=8457abca2482c6ee29ac0b7ae599f1a0f91177ac",
        "allowed_media_in_comments": [],
        "user_is_banned": null,
        "free_form_reports": true,
        "community_icon": null,
        "show_media": true,
        "icon_color": "",
        "user_is_muted": null,
        "display_name": "u_handlit33",
        "header_img": null,
        "title": "",
        "previous_names": [],
        "over_18": false,
        "icon_size": [
            256,
            256
        ],
        "primary_color": "",
        "icon_img": "https://styles.redditmedia.com/t5_21kz2j/styles/profileIcon_l7mvt5yskvy81.png?width=256&amp;height=256&amp;crop=256:256,smart&amp;s=898f59e8467c789d3a9c50cb736e59fbf2259e13",
        "description": "",
        "submit_link_label": "",
        "header_size": null,
        "restrict_posting": true,
        "restrict_commenting": false,
        "subscribers": 0,
        "submit_text_label": "",
        "is_default_icon": false,
        "link_flair_position": "",
        "display_name_prefixed": "u/handlit33",
        "key_color": "",
        "name": "t5_21kz2j",
        "is_default_banner": false,
        "url": "/user/handlit33/",
        "quarantine": false,
        "banner_size": [
            1280,
            384
        ],
        "user_is_moderator": null,
        "accept_followers": false,
        "public_description": "",
        "link_flair_enabled": false,
        "disable_contributor_requests": false,
        "subreddit_type": "user",
        "user_is_subscriber": null
    },
    "snoovatar_size": null,
    "awardee_karma": 0,
    "id": "34692",
    "verified": true,
    "is_gold": true,
    "is_mod": true,
    "awarder_karma": 0,
    "has_verified_email": true,
    "icon_img": "https://styles.redditmedia.com/t5_21kz2j/styles/profileIcon_l7mvt5yskvy81.png?width=256&amp;height=256&amp;crop=256:256,smart&amp;s=898f59e8467c789d3a9c50cb736e59fbf2259e13",
    "hide_from_robots": true,
    "link_karma": 2350424,
    "is_blocked": false,
    "total_karma": 4158351,
    "pref_show_snoovatar": false,
    "name": "handlit33",
    "created": 1206544506.0,
    "created_utc": 1206544506.0,
    "snoovatar_img": "",
    "comment_karma": 1807927,
    "accept_followers": false,
    "has_subscribed": true
}