{
    "is_employee": false,
    "is_friend": false,
    "subreddit": {
        "default_set": true,
        "user_is_contributor": null,
        "banner_img": "",
        "allowed_media_in_comments": [],
        "user_is_banned": null,
        "free_form_reports": true,
        "community_icon": null,
        "show_media": true,
        "icon_color": "",
        "user_is_muted": null,
        "display_name": "u_happy_franks",
        "header_img": null,
        "title": "",
        "previous_names": [],
        "over_18": false,
        "icon_size": [
            256,
            256
        ],
        "primary_color": "",
        "icon_img": "https://styles.redditmedia.com/t5_bntoc/styles/profileIcon_snooe9df6f5a-d455-4a5a-b23e-f7d2d72c50bb-headshot.png?width=256&amp;height=256&amp;crop=256:256,smart&amp;s=0d66691a096b16c66e1339650dd78ad77da5f547",
        "description": "",
        "submit_link_label": "",
        "header_size": null,
        "restrict_posting": true,
        "restrict_commenting": false,
        "subscribers": 0,
        "submit_text_label": "",
        "is_default_icon": false,
        "link_flair_position": "",
        "display_name_prefixed": "u/happy_franks",
        "key_color": "",
        "name": "t5_bntoc",
        "is_default_banner": true,
        "url": "/user/happy_franks/",
        "quarantine": false,
        "banner_size": null,
        "user_is_moderator": null,
        "accept_followers": true,
        "public_description": "",
        "link_flair_enabled": false,
        "disable_contributor_requests": false,
        "subreddit_type": "user",
        "user_is_subscriber": null
    },
    "snoovatar_size": [
        380,
        600
    ],
    "awardee_karma": 0,
    "id": "h9wi2",
    "verified": true,
    "is_gold": false,
    "is_mod": false,
    "awarder_karma": 0,
    "has_verified_email": true,
    "icon_img": "https://styles.redditmedia.com/t5_bntoc/styles/profileIcon_snooe9df6f5a-d455-4a5a-b23e-f7d2d72c50bb-headshot.png?width=256&amp;height=256&amp;crop=256:256,smart&amp;s=0d66691a096b16c66e1339650dd78ad77da5f547",
    "hide_from_robots": false,
    "link_karma": 54,
    "is_blocked": false,
    "total_karma": 1191,
    "pref_show_snoovatar": false,
    "name": "happy_franks",
    "created": 1404657255.0,
    "created_utc": 1404657255.0,
    "snoovatar_img": "https://i.redd.it/snoovatar/avatars/e9df6f5a-d455-4a5a-b23e-f7d2d72c50bb.png",
    "comment_karma": 1137,
    "accept_followers": true,
    "has_subscribed": true
}