{
    "is_employee": false,
    "is_friend": false,
    "subreddit": {
        "default_set": true,
        "user_is_contributor": null,
        "banner_img": "",
        "allowed_media_in_comments": [],
        "user_is_banned": null,
        "free_form_reports": true,
        "community_icon": null,
        "show_media": true,
        "icon_color": "",
        "user_is_muted": null,
        "display_name": "u_Helpful-Departure832",
        "header_img": null,
        "title": "",
        "previous_names": [],
        "over_18": false,
        "icon_size": [
            256,
            256
        ],
        "primary_color": "",
        "icon_img": "https://styles.redditmedia.com/t5_7irhcx/styles/profileIcon_snoo855b569e-4bc1-4766-9fde-4b9905b76de2-headshot.png?width=256&amp;height=256&amp;crop=256:256,smart&amp;s=64e092e3b2e7c5988aaa8f7cdf93d4aee4b2aba5",
        "description": "",
        "submit_link_label": "",
        "header_size": null,
        "restrict_posting": true,
        "restrict_commenting": false,
        "subscribers": 0,
        "submit_text_label": "",
        "is_default_icon": false,
        "link_flair_position": "",
        "display_name_prefixed": "u/Helpful-Departure832",
        "key_color": "",
        "name": "t5_7irhcx",
        "is_default_banner": true,
        "url": "/user/Helpful-Departure832/",
        "quarantine": false,
        "banner_size": null,
        "user_is_moderator": null,
        "accept_followers": true,
        "public_description": "",
        "link_flair_enabled": false,
        "disable_contributor_requests": false,
        "subreddit_type": "user",
        "user_is_subscriber": null
    },
    "snoovatar_size": [
        380,
        600
    ],
    "awardee_karma": 0,
    "id": "usqegpf9",
    "verified": true,
    "is_gold": false,
    "is_mod": false,
    "awarder_karma": 0,
    "has_verified_email": true,
    "icon_img": "https://styles.redditmedia.com/t5_7irhcx/styles/profileIcon_snoo855b569e-4bc1-4766-9fde-4b9905b76de2-headshot.png?width=256&amp;height=256&amp;crop=256:256,smart&amp;s=64e092e3b2e7c5988aaa8f7cdf93d4aee4b2aba5",
    "hide_from_robots": false,
    "link_karma": 36,
    "is_blocked": false,
    "total_karma": 2185,
    "pref_show_snoovatar": false,
    "name": "Helpful-Departure832",
    "created": 1670331878.0,
    "created_utc": 1670331878.0,
    "snoovatar_img": "https://i.redd.it/snoovatar/avatars/855b569e-4bc1-4766-9fde-4b9905b76de2.png",
    "comment_karma": 2149,
    "accept_followers": true,
    "has_subscribed": true
}