{
    "is_employee": false,
    "is_friend": false,
    "subreddit": {
        "default_set": false,
        "user_is_contributor": null,
        "banner_img": "",
        "allowed_media_in_comments": [],
        "user_is_banned": null,
        "free_form_reports": true,
        "community_icon": null,
        "show_media": true,
        "icon_color": "",
        "user_is_muted": null,
        "display_name": "u_House-of-Suns",
        "header_img": null,
        "title": "",
        "previous_names": [],
        "over_18": false,
        "icon_size": [
            256,
            256
        ],
        "primary_color": "",
        "icon_img": "https://styles.redditmedia.com/t5_v5ut4/styles/profileIcon_snoo-nftv2_bmZ0X2VpcDE1NToxMzdfNDY2YTMzMDg4N2JkZjYyZDUzZjk2OGVhODI0NzkzMTUwZjA3NzYyZV8yMTcxOTU_rare_8a822da5-a1fa-4160-819c-5d69cb1a620b-headshot.png?width=256&amp;height=256&amp;crop=256:256,smart&amp;s=6fe8d8b7ce9402ad6c119086261332369df76c78",
        "description": "",
        "submit_link_label": "",
        "header_size": null,
        "restrict_posting": true,
        "restrict_commenting": false,
        "subscribers": 0,
        "submit_text_label": "",
        "is_default_icon": false,
        "link_flair_position": "",
        "display_name_prefixed": "u/House-of-Suns",
        "key_color": "",
        "name": "t5_v5ut4",
        "is_default_banner": true,
        "url": "/user/House-of-Suns/",
        "quarantine": false,
        "banner_size": null,
        "user_is_moderator": null,
        "accept_followers": false,
        "public_description": "",
        "link_flair_enabled": false,
        "disable_contributor_requests": false,
        "subreddit_type": "user",
        "user_is_subscriber": null
    },
    "snoovatar_size": [
        380,
        600
    ],
    "awardee_karma": 0,
    "id": "31zafsyq",
    "verified": true,
    "is_gold": false,
    "is_mod": false,
    "awarder_karma": 0,
    "has_verified_email": true,
    "icon_img": "https://styles.redditmedia.com/t5_v5ut4/styles/profileIcon_snoo-nftv2_bmZ0X2VpcDE1NToxMzdfNDY2YTMzMDg4N2JkZjYyZDUzZjk2OGVhODI0NzkzMTUwZjA3NzYyZV8yMTcxOTU_rare_8a822da5-a1fa-4160-819c-5d69cb1a620b-headshot.png?width=256&amp;height=256&amp;crop=256:256,smart&amp;s=6fe8d8b7ce9402ad6c119086261332369df76c78",
    "hide_from_robots": true,
    "link_karma": 17359,
    "is_blocked": false,
    "total_karma": 35011,
    "pref_show_snoovatar": false,
    "name": "House-of-Suns",
    "created": 1548150897.0,
    "created_utc": 1548150897.0,
    "snoovatar_img": "https://i.redd.it/snoovatar/avatars/nftv2_bmZ0X2VpcDE1NToxMzdfNDY2YTMzMDg4N2JkZjYyZDUzZjk2OGVhODI0NzkzMTUwZjA3NzYyZV8yMTcxOTU_rare_8a822da5-a1fa-4160-819c-5d69cb1a620b.png",
    "comment_karma": 17652,
    "accept_followers": false,
    "has_subscribed": true
}