{
    "is_employee": false,
    "is_friend": false,
    "subreddit": {
        "default_set": false,
        "user_is_contributor": null,
        "banner_img": "https://styles.redditmedia.com/t5_mlrzy/styles/profileBanner_9cv2vkjpkqx61.jpg?width=1280&amp;height=384&amp;crop=1280:384,smart&amp;s=96e66707b7868c9da44d70dc4c3f2f0f7cc36960",
        "allowed_media_in_comments": [],
        "user_is_banned": null,
        "free_form_reports": true,
        "community_icon": null,
        "show_media": true,
        "icon_color": "",
        "user_is_muted": null,
        "display_name": "u_IHateTypingInBoxes",
        "header_img": null,
        "title": "",
        "previous_names": [],
        "over_18": false,
        "icon_size": [
            256,
            256
        ],
        "primary_color": "",
        "icon_img": "https://styles.redditmedia.com/t5_mlrzy/styles/profileIcon_snoo7d21a8b8-c976-4fa0-beb4-1d4794c85958-headshot.png?width=256&amp;height=256&amp;crop=256:256,smart&amp;s=e7913b9d37a065ee930d83fd0dd2c6773bf84349",
        "description": "",
        "submit_link_label": "",
        "header_size": null,
        "restrict_posting": true,
        "restrict_commenting": false,
        "subscribers": 0,
        "submit_text_label": "",
        "is_default_icon": false,
        "link_flair_position": "",
        "display_name_prefixed": "u/IHateTypingInBoxes",
        "key_color": "",
        "name": "t5_mlrzy",
        "is_default_banner": false,
        "url": "/user/IHateTypingInBoxes/",
        "quarantine": false,
        "banner_size": [
            1280,
            384
        ],
        "user_is_moderator": null,
        "accept_followers": true,
        "public_description": "\nI don't check notifications often, if you have a question please contact me via my website.",
        "link_flair_enabled": false,
        "disable_contributor_requests": false,
        "subreddit_type": "user",
        "user_is_subscriber": null
    },
    "snoovatar_size": [
        380,
        600
    ],
    "awardee_karma": 0,
    "id": "1plyg5jc",
    "verified": true,
    "is_gold": false,
    "is_mod": true,
    "awarder_karma": 0,
    "has_verified_email": true,
    "icon_img": "https://styles.redditmedia.com/t5_mlrzy/styles/profileIcon_snoo7d21a8b8-c976-4fa0-beb4-1d4794c85958-headshot.png?width=256&amp;height=256&amp;crop=256:256,smart&amp;s=e7913b9d37a065ee930d83fd0dd2c6773bf84349",
    "hide_from_robots": true,
    "link_karma": 25447,
    "is_blocked": false,
    "total_karma": 82115,
    "pref_show_snoovatar": false,
    "name": "IHateTypingInBoxes",
    "created": 1533094189.0,
    "created_utc": 1533094189.0,
    "snoovatar_img": "https://i.redd.it/snoovatar/avatars/7d21a8b8-c976-4fa0-beb4-1d4794c85958.png",
    "comment_karma": 56668,
    "accept_followers": true,
    "has_subscribed": true
}