{
    "is_employee": false,
    "is_friend": false,
    "subreddit": {
        "default_set": false,
        "user_is_contributor": null,
        "banner_img": "",
        "allowed_media_in_comments": [],
        "user_is_banned": null,
        "free_form_reports": true,
        "community_icon": null,
        "show_media": true,
        "icon_color": "",
        "user_is_muted": null,
        "display_name": "u_ILikeMyGrassBlue",
        "header_img": null,
        "title": "",
        "previous_names": [],
        "over_18": true,
        "icon_size": [
            256,
            256
        ],
        "primary_color": "",
        "icon_img": "https://styles.redditmedia.com/t5_2npkmx/styles/profileIcon_snoo-nftv2_bmZ0X2VpcDE1NToxMzdfNDY2YTMzMDg4N2JkZjYyZDUzZjk2OGVhODI0NzkzMTUwZjA3NzYyZV85MTAzODE_rare_b8fea187-7784-4f3e-a874-43abe1b3a8c5-headshot.png?width=256&amp;height=256&amp;crop=256:256,smart&amp;s=447a68445a89c57f04657c71bbe1d0d588372f9a",
        "description": "",
        "submit_link_label": "",
        "header_size": null,
        "restrict_posting": true,
        "restrict_commenting": false,
        "subscribers": 0,
        "submit_text_label": "",
        "is_default_icon": false,
        "link_flair_position": "",
        "display_name_prefixed": "u/ILikeMyGrassBlue",
        "key_color": "",
        "name": "t5_2npkmx",
        "is_default_banner": true,
        "url": "/user/ILikeMyGrassBlue/",
        "quarantine": false,
        "banner_size": null,
        "user_is_moderator": null,
        "accept_followers": false,
        "public_description": "",
        "link_flair_enabled": false,
        "disable_contributor_requests": false,
        "subreddit_type": "user",
        "user_is_subscriber": null
    },
    "snoovatar_size": [
        380,
        600
    ],
    "awardee_karma": 0,
    "id": "6gmmft49",
    "verified": true,
    "is_gold": false,
    "is_mod": false,
    "awarder_karma": 0,
    "has_verified_email": true,
    "icon_img": "https://styles.redditmedia.com/t5_2npkmx/styles/profileIcon_snoo-nftv2_bmZ0X2VpcDE1NToxMzdfNDY2YTMzMDg4N2JkZjYyZDUzZjk2OGVhODI0NzkzMTUwZjA3NzYyZV85MTAzODE_rare_b8fea187-7784-4f3e-a874-43abe1b3a8c5-headshot.png?width=256&amp;height=256&amp;crop=256:256,smart&amp;s=447a68445a89c57f04657c71bbe1d0d588372f9a",
    "hide_from_robots": true,
    "link_karma": 836,
    "is_blocked": false,
    "total_karma": 346797,
    "pref_show_snoovatar": false,
    "name": "ILikeMyGrassBlue",
    "created": 1589337394.0,
    "created_utc": 1589337394.0,
    "snoovatar_img": "https://i.redd.it/snoovatar/avatars/nftv2_bmZ0X2VpcDE1NToxMzdfNDY2YTMzMDg4N2JkZjYyZDUzZjk2OGVhODI0NzkzMTUwZjA3NzYyZV85MTAzODE_rare_b8fea187-7784-4f3e-a874-43abe1b3a8c5.png",
    "comment_karma": 345961,
    "accept_followers": false,
    "has_subscribed": true
}