{
    "is_employee": false,
    "is_friend": false,
    "subreddit": {
        "default_set": true,
        "user_is_contributor": null,
        "banner_img": "https://styles.redditmedia.com/t5_askg21/styles/profileBanner_wdrb0hc25atf1.jpg?width=1280&amp;height=384&amp;crop=1280:384,smart&amp;s=d7d5b40825fae1f59582b03cf0be4d7e9b851255",
        "allowed_media_in_comments": [],
        "user_is_banned": null,
        "free_form_reports": true,
        "community_icon": null,
        "show_media": true,
        "icon_color": "#FFB470",
        "user_is_muted": null,
        "display_name": "u_Impossible-Eagle4157",
        "header_img": null,
        "title": "",
        "previous_names": [],
        "over_18": false,
        "icon_size": [
            256,
            256
        ],
        "primary_color": "",
        "icon_img": "https://www.redditstatic.com/avatars/defaults/v2/avatar_default_1.png",
        "description": "",
        "submit_link_label": "",
        "header_size": null,
        "restrict_posting": true,
        "restrict_commenting": false,
        "subscribers": 0,
        "submit_text_label": "",
        "is_default_icon": true,
        "link_flair_position": "",
        "display_name_prefixed": "u/Impossible-Eagle4157",
        "key_color": "",
        "name": "t5_askg21",
        "is_default_banner": false,
        "url": "/user/Impossible-Eagle4157/",
        "quarantine": false,
        "banner_size": [
            1280,
            384
        ],
        "user_is_moderator": null,
        "accept_followers": true,
        "public_description": "",
        "link_flair_enabled": false,
        "disable_contributor_requests": false,
        "subreddit_type": "user",
        "user_is_subscriber": null
    },
    "snoovatar_size": null,
    "awardee_karma": 0,
    "id": "u40ygg36p",
    "verified": true,
    "is_gold": false,
    "is_mod": false,
    "awarder_karma": 0,
    "has_verified_email": true,
    "icon_img": "https://www.redditstatic.com/avatars/defaults/v2/avatar_default_1.png",
    "hide_from_robots": false,
    "link_karma": 11,
    "is_blocked": false,
    "total_karma": 1105,
    "pref_show_snoovatar": false,
    "name": "Impossible-Eagle4157",
    "created": 1707828862.0,
    "created_utc": 1707828862.0,
    "snoovatar_img": "",
    "comment_karma": 1094,
    "accept_followers": true,
    "has_subscribed": true
}