{
    "is_employee": false,
    "is_friend": false,
    "subreddit": {
        "default_set": true,
        "user_is_contributor": null,
        "banner_img": "https://styles.redditmedia.com/t5_8f98eg/styles/profileBanner_cw8z5c4hlxqc1.jpeg?width=1280&amp;height=384&amp;crop=1280:384,smart&amp;s=ee3be6121c40572c94cec958eed9ad5e75d15f78",
        "allowed_media_in_comments": [],
        "user_is_banned": null,
        "free_form_reports": true,
        "community_icon": null,
        "show_media": true,
        "icon_color": "",
        "user_is_muted": null,
        "display_name": "u_jnko__",
        "header_img": null,
        "title": "",
        "previous_names": [],
        "over_18": false,
        "icon_size": [
            256,
            256
        ],
        "primary_color": "",
        "icon_img": "https://styles.redditmedia.com/t5_8f98eg/styles/profileIcon_71m3vrcta86b1.jpg?width=256&amp;height=256&amp;crop=256:256,smart&amp;s=c041f17ff16cc2dcbeb4f45f6e009615d360e676",
        "description": "",
        "submit_link_label": "",
        "header_size": null,
        "restrict_posting": true,
        "restrict_commenting": false,
        "subscribers": 0,
        "submit_text_label": "",
        "is_default_icon": false,
        "link_flair_position": "",
        "display_name_prefixed": "u/jnko__",
        "key_color": "",
        "name": "t5_8f98eg",
        "is_default_banner": false,
        "url": "/user/jnko__/",
        "quarantine": false,
        "banner_size": [
            1280,
            384
        ],
        "user_is_moderator": null,
        "accept_followers": true,
        "public_description": "Jewish. LGBTQ. Am yisrael chai!",
        "link_flair_enabled": false,
        "disable_contributor_requests": false,
        "subreddit_type": "user",
        "user_is_subscriber": null
    },
    "snoovatar_size": null,
    "awardee_karma": 0,
    "id": "bimaod26i",
    "verified": true,
    "is_gold": false,
    "is_mod": false,
    "awarder_karma": 0,
    "has_verified_email": true,
    "icon_img": "https://styles.redditmedia.com/t5_8f98eg/styles/profileIcon_71m3vrcta86b1.jpg?width=256&amp;height=256&amp;crop=256:256,smart&amp;s=c041f17ff16cc2dcbeb4f45f6e009615d360e676",
    "hide_from_robots": false,
    "link_karma": 1707,
    "is_blocked": false,
    "total_karma": 8296,
    "pref_show_snoovatar": false,
    "name": "jnko__",
    "created": 1684377581.0,
    "created_utc": 1684377581.0,
    "snoovatar_img": "",
    "comment_karma": 6589,
    "accept_followers": true,
    "has_subscribed": true
}