{
    "is_employee": false,
    "is_friend": false,
    "subreddit": {
        "default_set": true,
        "user_is_contributor": null,
        "banner_img": "https://styles.redditmedia.com/t5_dadp4/styles/profileBanner_hdf5whv51v331.jpg?width=1280&amp;height=384&amp;crop=1280:384,smart&amp;s=425a20a690911b315246b0a7a5bb7a7b2bf07441",
        "allowed_media_in_comments": [],
        "user_is_banned": null,
        "free_form_reports": true,
        "community_icon": null,
        "show_media": true,
        "icon_color": "",
        "user_is_muted": null,
        "display_name": "u_joe2352",
        "header_img": null,
        "title": "",
        "previous_names": [],
        "over_18": true,
        "icon_size": [
            256,
            256
        ],
        "primary_color": "",
        "icon_img": "https://styles.redditmedia.com/t5_dadp4/styles/profileIcon_snoob39a7720-413c-4afe-b6cf-26ec47b24106-headshot-f.png?width=256&amp;height=256&amp;crop=256:256,smart&amp;s=93ea4038edd3852e046e85ae9c6044d56ec46a19",
        "description": "",
        "submit_link_label": "",
        "header_size": null,
        "restrict_posting": true,
        "restrict_commenting": false,
        "subscribers": 0,
        "submit_text_label": "",
        "is_default_icon": false,
        "link_flair_position": "",
        "display_name_prefixed": "u/joe2352",
        "key_color": "",
        "name": "t5_dadp4",
        "is_default_banner": false,
        "url": "/user/joe2352/",
        "quarantine": false,
        "banner_size": [
            1280,
            384
        ],
        "user_is_moderator": null,
        "accept_followers": true,
        "public_description": "",
        "link_flair_enabled": false,
        "disable_contributor_requests": false,
        "subreddit_type": "user",
        "user_is_subscriber": null
    },
    "snoovatar_size": [
        380,
        600
    ],
    "awardee_karma": 0,
    "id": "zvv5o",
    "verified": true,
    "is_gold": false,
    "is_mod": false,
    "awarder_karma": 0,
    "has_verified_email": true,
    "icon_img": "https://styles.redditmedia.com/t5_dadp4/styles/profileIcon_snoob39a7720-413c-4afe-b6cf-26ec47b24106-headshot-f.png?width=256&amp;height=256&amp;crop=256:256,smart&amp;s=93ea4038edd3852e046e85ae9c6044d56ec46a19",
    "hide_from_robots": true,
    "link_karma": 63102,
    "is_blocked": false,
    "total_karma": 671422,
    "pref_show_snoovatar": false,
    "name": "joe2352",
    "created": 1469693357.0,
    "created_utc": 1469693357.0,
    "snoovatar_img": "https://i.redd.it/snoovatar/avatars/b39a7720-413c-4afe-b6cf-26ec47b24106.png",
    "comment_karma": 608320,
    "accept_followers": true,
    "has_subscribed": true
}