{
    "is_employee": false,
    "is_friend": false,
    "subreddit": {
        "default_set": true,
        "user_is_contributor": null,
        "banner_img": "https://styles.redditmedia.com/t5_cv5vb/styles/profileBanner_p4p0nw3bhv6g1.jpeg?width=1280&amp;height=384&amp;crop=1280:384,smart&amp;s=253fbeb6db5dff8e2006f31374eab6707d3e0eb5",
        "allowed_media_in_comments": [],
        "user_is_banned": null,
        "free_form_reports": true,
        "community_icon": null,
        "show_media": true,
        "icon_color": "",
        "user_is_muted": null,
        "display_name": "u_johntwoods",
        "header_img": null,
        "title": "John T. Woods",
        "previous_names": [],
        "over_18": false,
        "icon_size": [
            256,
            256
        ],
        "primary_color": "",
        "icon_img": "https://i.redd.it/snoovatar/avatars/30526013-731d-48bd-83c7-93d852b0f53f-headshot.png",
        "description": "",
        "submit_link_label": "",
        "header_size": null,
        "restrict_posting": true,
        "restrict_commenting": false,
        "subscribers": 0,
        "submit_text_label": "",
        "is_default_icon": false,
        "link_flair_position": "",
        "display_name_prefixed": "u/johntwoods",
        "key_color": "",
        "name": "t5_cv5vb",
        "is_default_banner": false,
        "url": "/user/johntwoods/",
        "quarantine": false,
        "banner_size": [
            1280,
            384
        ],
        "user_is_moderator": null,
        "accept_followers": true,
        "public_description": "Y'all know me. Know how I earn a livin'.\n",
        "link_flair_enabled": false,
        "disable_contributor_requests": false,
        "subreddit_type": "user",
        "user_is_subscriber": null
    },
    "snoovatar_size": [
        380,
        600
    ],
    "awardee_karma": 0,
    "id": "350sy",
    "verified": true,
    "is_gold": false,
    "is_mod": false,
    "awarder_karma": 0,
    "has_verified_email": true,
    "icon_img": "https://i.redd.it/snoovatar/avatars/30526013-731d-48bd-83c7-93d852b0f53f-headshot.png",
    "hide_from_robots": true,
    "link_karma": 1033,
    "is_blocked": false,
    "total_karma": 903090,
    "pref_show_snoovatar": false,
    "name": "johntwoods",
    "created": 1209790650.0,
    "created_utc": 1209790650.0,
    "snoovatar_img": "https://i.redd.it/snoovatar/avatars/30526013-731d-48bd-83c7-93d852b0f53f.png",
    "comment_karma": 902057,
    "accept_followers": true,
    "has_subscribed": true
}