{
    "is_employee": false,
    "is_friend": false,
    "subreddit": {
        "default_set": true,
        "user_is_contributor": null,
        "banner_img": "https://styles.redditmedia.com/t5_dsx89/styles/profileBanner_dm2pvmz8mcb11.jpg?width=1280&amp;height=384&amp;crop=1280:384,smart&amp;s=79efc69def5e4284ff2049aa1d016c092ee9dbb5",
        "allowed_media_in_comments": [],
        "user_is_banned": null,
        "free_form_reports": true,
        "community_icon": null,
        "show_media": true,
        "icon_color": "",
        "user_is_muted": null,
        "display_name": "u_johnnys_sack",
        "header_img": null,
        "title": "",
        "previous_names": [],
        "over_18": true,
        "icon_size": [
            256,
            256
        ],
        "primary_color": "",
        "icon_img": "https://i.redd.it/snoovatar/avatars/d3cf3e52-a4f1-4492-862c-c055a74f5cfa-headshot.png",
        "description": "",
        "submit_link_label": "",
        "header_size": null,
        "restrict_posting": true,
        "restrict_commenting": false,
        "subscribers": 0,
        "submit_text_label": "",
        "is_default_icon": false,
        "link_flair_position": "",
        "display_name_prefixed": "u/johnnys_sack",
        "key_color": "",
        "name": "t5_dsx89",
        "is_default_banner": false,
        "url": "/user/johnnys_sack/",
        "quarantine": false,
        "banner_size": [
            1280,
            384
        ],
        "user_is_moderator": null,
        "accept_followers": true,
        "public_description": "Here to learn",
        "link_flair_enabled": false,
        "disable_contributor_requests": false,
        "subreddit_type": "user",
        "user_is_subscriber": null
    },
    "snoovatar_size": [
        380,
        600
    ],
    "awardee_karma": 0,
    "id": "nnll3",
    "verified": true,
    "is_gold": false,
    "is_mod": false,
    "awarder_karma": 0,
    "has_verified_email": true,
    "icon_img": "https://i.redd.it/snoovatar/avatars/d3cf3e52-a4f1-4492-862c-c055a74f5cfa-headshot.png",
    "hide_from_robots": true,
    "link_karma": 2138,
    "is_blocked": false,
    "total_karma": 194357,
    "pref_show_snoovatar": false,
    "name": "johnnys_sack",
    "created": 1432445426.0,
    "created_utc": 1432445426.0,
    "snoovatar_img": "https://i.redd.it/snoovatar/avatars/d3cf3e52-a4f1-4492-862c-c055a74f5cfa.png",
    "comment_karma": 192219,
    "accept_followers": true,
    "has_subscribed": true
}