{
    "is_employee": false,
    "is_friend": false,
    "subreddit": {
        "default_set": true,
        "user_is_contributor": null,
        "banner_img": "https://styles.redditmedia.com/t5_b972l/styles/profileBanner_ayfyjzogyz9b1.png?width=1280&amp;height=384&amp;crop=1280:384,smart&amp;s=d564d7b79e04a84fb2c4b3d3a975bc3584c7f61d",
        "allowed_media_in_comments": [],
        "user_is_banned": null,
        "free_form_reports": true,
        "community_icon": null,
        "show_media": true,
        "icon_color": "",
        "user_is_muted": null,
        "display_name": "u_kane8997",
        "header_img": null,
        "title": "",
        "previous_names": [],
        "over_18": false,
        "icon_size": [
            256,
            256
        ],
        "primary_color": "",
        "icon_img": "https://styles.redditmedia.com/t5_b972l/styles/profileIcon_y027b8bbyz9b1.png?width=256&amp;height=256&amp;crop=256:256,smart&amp;s=56123daf59c08c23cd9e649dacd89cf62c2f56d5",
        "description": "",
        "submit_link_label": "",
        "header_size": null,
        "restrict_posting": true,
        "restrict_commenting": false,
        "subscribers": 0,
        "submit_text_label": "",
        "is_default_icon": false,
        "link_flair_position": "",
        "display_name_prefixed": "u/kane8997",
        "key_color": "",
        "name": "t5_b972l",
        "is_default_banner": false,
        "url": "/user/kane8997/",
        "quarantine": false,
        "banner_size": [
            1280,
            384
        ],
        "user_is_moderator": null,
        "accept_followers": false,
        "public_description": "",
        "link_flair_enabled": false,
        "disable_contributor_requests": false,
        "subreddit_type": "user",
        "user_is_subscriber": null
    },
    "snoovatar_size": null,
    "awardee_karma": 0,
    "id": "9v53h",
    "verified": true,
    "is_gold": false,
    "is_mod": true,
    "awarder_karma": 0,
    "has_verified_email": true,
    "icon_img": "https://styles.redditmedia.com/t5_b972l/styles/profileIcon_y027b8bbyz9b1.png?width=256&amp;height=256&amp;crop=256:256,smart&amp;s=56123daf59c08c23cd9e649dacd89cf62c2f56d5",
    "hide_from_robots": true,
    "link_karma": 1032,
    "is_blocked": false,
    "total_karma": 2957,
    "pref_show_snoovatar": false,
    "name": "kane8997",
    "created": 1355253467.0,
    "created_utc": 1355253467.0,
    "snoovatar_img": "",
    "comment_karma": 1925,
    "accept_followers": false,
    "has_subscribed": true
}