{
    "is_employee": false,
    "is_friend": false,
    "subreddit": {
        "default_set": true,
        "user_is_contributor": null,
        "banner_img": "",
        "allowed_media_in_comments": [],
        "user_is_banned": null,
        "free_form_reports": true,
        "community_icon": null,
        "show_media": true,
        "icon_color": "",
        "user_is_muted": null,
        "display_name": "u_kilaueasteve",
        "header_img": null,
        "title": "",
        "previous_names": [],
        "over_18": true,
        "icon_size": [
            256,
            256
        ],
        "primary_color": "",
        "icon_img": "https://styles.redditmedia.com/t5_5psnkv/styles/profileIcon_snoo739040c8-3a17-4e4e-b1b0-5eb5097aec96-headshot.png?width=256&amp;height=256&amp;crop=256:256,smart&amp;s=f0acf9015e7d3e59d7db9c11b0ccd3423189580f",
        "description": "",
        "submit_link_label": "",
        "header_size": null,
        "restrict_posting": true,
        "restrict_commenting": false,
        "subscribers": 0,
        "submit_text_label": "",
        "is_default_icon": false,
        "link_flair_position": "",
        "display_name_prefixed": "u/kilaueasteve",
        "key_color": "",
        "name": "t5_5psnkv",
        "is_default_banner": true,
        "url": "/user/kilaueasteve/",
        "quarantine": false,
        "banner_size": null,
        "user_is_moderator": null,
        "accept_followers": true,
        "public_description": "",
        "link_flair_enabled": false,
        "disable_contributor_requests": false,
        "subreddit_type": "user",
        "user_is_subscriber": null
    },
    "snoovatar_size": [
        380,
        600
    ],
    "awardee_karma": 0,
    "id": "e33kb9vb",
    "verified": true,
    "is_gold": true,
    "is_mod": false,
    "awarder_karma": 0,
    "has_verified_email": true,
    "icon_img": "https://styles.redditmedia.com/t5_5psnkv/styles/profileIcon_snoo739040c8-3a17-4e4e-b1b0-5eb5097aec96-headshot.png?width=256&amp;height=256&amp;crop=256:256,smart&amp;s=f0acf9015e7d3e59d7db9c11b0ccd3423189580f",
    "hide_from_robots": true,
    "link_karma": 1534,
    "is_blocked": false,
    "total_karma": 8359,
    "pref_show_snoovatar": false,
    "name": "kilaueasteve",
    "created": 1642810698.0,
    "created_utc": 1642810698.0,
    "snoovatar_img": "https://i.redd.it/snoovatar/avatars/739040c8-3a17-4e4e-b1b0-5eb5097aec96.png",
    "comment_karma": 6825,
    "accept_followers": true,
    "has_subscribed": true
}