{
    "is_employee": false,
    "is_friend": false,
    "subreddit": {
        "default_set": true,
        "user_is_contributor": null,
        "banner_img": "https://styles.redditmedia.com/t5_b3tvu/styles/profileBanner_4c947uttt9yd1.jpeg?width=1280&amp;height=384&amp;crop=1280:384,smart&amp;s=0f96f5059de824913e8deddfd6a1666b7ca86974",
        "allowed_media_in_comments": [],
        "user_is_banned": null,
        "free_form_reports": true,
        "community_icon": null,
        "show_media": true,
        "icon_color": "",
        "user_is_muted": null,
        "display_name": "u_Kraegarth",
        "header_img": null,
        "title": "",
        "previous_names": [],
        "over_18": false,
        "icon_size": [
            256,
            256
        ],
        "primary_color": "",
        "icon_img": "https://styles.redditmedia.com/t5_b3tvu/styles/profileIcon_snoo2e3cd7fb-2944-43fa-9ef9-c3602e1842fc-headshot.png?width=256&amp;height=256&amp;crop=256:256,smart&amp;s=03b36f3c83b2bc40771977bbe0b4ab0100e10a8f",
        "description": "",
        "submit_link_label": "",
        "header_size": null,
        "restrict_posting": true,
        "restrict_commenting": false,
        "subscribers": 0,
        "submit_text_label": "",
        "is_default_icon": false,
        "link_flair_position": "",
        "display_name_prefixed": "u/Kraegarth",
        "key_color": "",
        "name": "t5_b3tvu",
        "is_default_banner": false,
        "url": "/user/Kraegarth/",
        "quarantine": false,
        "banner_size": [
            1280,
            384
        ],
        "user_is_moderator": null,
        "accept_followers": true,
        "public_description": "As a proud veteran, I will NEVER stand with, behind or for a treasonous POS like Mango Mussolini!",
        "link_flair_enabled": false,
        "disable_contributor_requests": false,
        "subreddit_type": "user",
        "user_is_subscriber": null
    },
    "snoovatar_size": [
        380,
        600
    ],
    "awardee_karma": 0,
    "id": "pcgd2",
    "verified": true,
    "is_gold": false,
    "is_mod": false,
    "awarder_karma": 0,
    "has_verified_email": true,
    "icon_img": "https://styles.redditmedia.com/t5_b3tvu/styles/profileIcon_snoo2e3cd7fb-2944-43fa-9ef9-c3602e1842fc-headshot.png?width=256&amp;height=256&amp;crop=256:256,smart&amp;s=03b36f3c83b2bc40771977bbe0b4ab0100e10a8f",
    "hide_from_robots": false,
    "link_karma": 77,
    "is_blocked": false,
    "total_karma": 11364,
    "pref_show_snoovatar": false,
    "name": "Kraegarth",
    "created": 1438826599.0,
    "created_utc": 1438826599.0,
    "snoovatar_img": "https://i.redd.it/snoovatar/avatars/2e3cd7fb-2944-43fa-9ef9-c3602e1842fc.png",
    "comment_karma": 11287,
    "accept_followers": true,
    "has_subscribed": true
}