{
    "is_employee": false,
    "is_friend": false,
    "subreddit": {
        "default_set": true,
        "user_is_contributor": null,
        "banner_img": "https://styles.redditmedia.com/t5_dtxwzd/styles/profileBanner_47qqdu4n0p4g1.png?width=1280&amp;height=384&amp;crop=1280:384,smart&amp;s=f467cc1867a3bc33c00990e9e3694b3e4f6b604c",
        "allowed_media_in_comments": [],
        "user_is_banned": null,
        "free_form_reports": true,
        "community_icon": null,
        "show_media": true,
        "icon_color": "",
        "user_is_muted": null,
        "display_name": "u_Kuroi_Onna",
        "header_img": null,
        "title": "",
        "previous_names": [],
        "over_18": false,
        "icon_size": [
            256,
            256
        ],
        "primary_color": "",
        "icon_img": "https://i.redd.it/snoovatar/avatars/0f0b365f-b61f-4f70-83ca-6af367726e29-headshot.png",
        "description": "",
        "submit_link_label": "",
        "header_size": null,
        "restrict_posting": true,
        "restrict_commenting": false,
        "subscribers": 0,
        "submit_text_label": "",
        "is_default_icon": false,
        "link_flair_position": "",
        "display_name_prefixed": "u/Kuroi_Onna",
        "key_color": "",
        "name": "t5_dtxwzd",
        "is_default_banner": false,
        "url": "/user/Kuroi_Onna/",
        "quarantine": false,
        "banner_size": [
            1280,
            384
        ],
        "user_is_moderator": null,
        "accept_followers": true,
        "public_description": "",
        "link_flair_enabled": false,
        "disable_contributor_requests": false,
        "subreddit_type": "user",
        "user_is_subscriber": null
    },
    "snoovatar_size": [
        380,
        600
    ],
    "awardee_karma": 0,
    "id": "1krahhd0t7",
    "verified": true,
    "is_gold": false,
    "is_mod": false,
    "awarder_karma": 0,
    "has_verified_email": true,
    "icon_img": "https://i.redd.it/snoovatar/avatars/0f0b365f-b61f-4f70-83ca-6af367726e29-headshot.png",
    "hide_from_robots": true,
    "link_karma": 30,
    "is_blocked": false,
    "total_karma": 100,
    "pref_show_snoovatar": false,
    "name": "Kuroi_Onna",
    "created": 1741432423.0,
    "created_utc": 1741432423.0,
    "snoovatar_img": "https://i.redd.it/snoovatar/avatars/0f0b365f-b61f-4f70-83ca-6af367726e29.png",
    "comment_karma": 70,
    "accept_followers": true,
    "has_subscribed": true
}