{
    "is_employee": false,
    "is_friend": false,
    "subreddit": {
        "default_set": true,
        "user_is_contributor": null,
        "banner_img": "https://styles.redditmedia.com/t5_zkaik/styles/profileBanner_uzpmlsbisbf61.jpg?width=1280&amp;height=384&amp;crop=1280:384,smart&amp;s=fb072a0fa5554a38708486322689e431decc2d93",
        "allowed_media_in_comments": [],
        "user_is_banned": null,
        "free_form_reports": true,
        "community_icon": null,
        "show_media": true,
        "icon_color": "",
        "user_is_muted": null,
        "display_name": "u_latrickisfalone",
        "header_img": null,
        "title": "",
        "previous_names": [],
        "over_18": true,
        "icon_size": [
            256,
            256
        ],
        "primary_color": "",
        "icon_img": "https://styles.redditmedia.com/t5_zkaik/styles/profileIcon_w5p6fcbocgg71.jpg?width=256&amp;height=256&amp;crop=256:256,smart&amp;s=13c65cd069c035d005f235d2169dff91d786033e",
        "description": "",
        "submit_link_label": "",
        "header_size": null,
        "restrict_posting": true,
        "restrict_commenting": false,
        "subscribers": 0,
        "submit_text_label": "",
        "is_default_icon": false,
        "link_flair_position": "",
        "display_name_prefixed": "u/latrickisfalone",
        "key_color": "",
        "name": "t5_zkaik",
        "is_default_banner": false,
        "url": "/user/latrickisfalone/",
        "quarantine": false,
        "banner_size": [
            1280,
            384
        ],
        "user_is_moderator": null,
        "accept_followers": true,
        "public_description": "",
        "link_flair_enabled": false,
        "disable_contributor_requests": false,
        "subreddit_type": "user",
        "user_is_subscriber": null
    },
    "snoovatar_size": null,
    "awardee_karma": 0,
    "id": "3kvx42q6",
    "verified": true,
    "is_gold": false,
    "is_mod": false,
    "awarder_karma": 0,
    "has_verified_email": true,
    "icon_img": "https://styles.redditmedia.com/t5_zkaik/styles/profileIcon_w5p6fcbocgg71.jpg?width=256&amp;height=256&amp;crop=256:256,smart&amp;s=13c65cd069c035d005f235d2169dff91d786033e",
    "hide_from_robots": false,
    "link_karma": 53556,
    "is_blocked": false,
    "total_karma": 72169,
    "pref_show_snoovatar": false,
    "name": "latrickisfalone",
    "created": 1554953281.0,
    "created_utc": 1554953281.0,
    "snoovatar_img": "",
    "comment_karma": 18613,
    "accept_followers": true,
    "has_subscribed": true
}