{
    "is_employee": false,
    "is_friend": false,
    "subreddit": {
        "default_set": true,
        "user_is_contributor": null,
        "banner_img": "",
        "allowed_media_in_comments": [],
        "user_is_banned": null,
        "free_form_reports": true,
        "community_icon": null,
        "show_media": true,
        "icon_color": "",
        "user_is_muted": null,
        "display_name": "u_LedleyKings",
        "header_img": null,
        "title": "",
        "previous_names": [],
        "over_18": false,
        "icon_size": [
            256,
            256
        ],
        "primary_color": "",
        "icon_img": "https://styles.redditmedia.com/t5_a6hqg/styles/profileIcon_snoo-nftv2_bmZ0X2VpcDE1NToxMzdfNmFjYjhmYjgyODgwZDM5YzJiODQ0NmY4Nzc4YTE0ZDM0ZWU2Y2ZiN18xMTMzMzY_rare_9061d4f9-ee51-4490-a7eb-72ed0b4d2780-headshot.png?width=256&amp;height=256&amp;crop=256:256,smart&amp;s=b6845f3fae9d3b51f646c58a71c5ad643ce680e6",
        "description": "",
        "submit_link_label": "",
        "header_size": null,
        "restrict_posting": true,
        "restrict_commenting": false,
        "subscribers": 0,
        "submit_text_label": "",
        "is_default_icon": false,
        "link_flair_position": "",
        "display_name_prefixed": "u/LedleyKings",
        "key_color": "",
        "name": "t5_a6hqg",
        "is_default_banner": true,
        "url": "/user/LedleyKings/",
        "quarantine": false,
        "banner_size": null,
        "user_is_moderator": null,
        "accept_followers": true,
        "public_description": "",
        "link_flair_enabled": false,
        "disable_contributor_requests": false,
        "subreddit_type": "user",
        "user_is_subscriber": null
    },
    "snoovatar_size": [
        380,
        600
    ],
    "awardee_karma": 0,
    "id": "ics1kfk",
    "verified": true,
    "is_gold": false,
    "is_mod": false,
    "awarder_karma": 0,
    "has_verified_email": true,
    "icon_img": "https://styles.redditmedia.com/t5_a6hqg/styles/profileIcon_snoo-nftv2_bmZ0X2VpcDE1NToxMzdfNmFjYjhmYjgyODgwZDM5YzJiODQ0NmY4Nzc4YTE0ZDM0ZWU2Y2ZiN18xMTMzMzY_rare_9061d4f9-ee51-4490-a7eb-72ed0b4d2780-headshot.png?width=256&amp;height=256&amp;crop=256:256,smart&amp;s=b6845f3fae9d3b51f646c58a71c5ad643ce680e6",
    "hide_from_robots": false,
    "link_karma": 119,
    "is_blocked": false,
    "total_karma": 15458,
    "pref_show_snoovatar": false,
    "name": "LedleyKings",
    "created": 1515070247.0,
    "created_utc": 1515070247.0,
    "snoovatar_img": "https://i.redd.it/snoovatar/avatars/nftv2_bmZ0X2VpcDE1NToxMzdfNmFjYjhmYjgyODgwZDM5YzJiODQ0NmY4Nzc4YTE0ZDM0ZWU2Y2ZiN18xMTMzMzY_rare_9061d4f9-ee51-4490-a7eb-72ed0b4d2780.png",
    "comment_karma": 15339,
    "accept_followers": true,
    "has_subscribed": true
}