{
    "is_employee": false,
    "is_friend": false,
    "subreddit": {
        "default_set": false,
        "user_is_contributor": null,
        "banner_img": "",
        "allowed_media_in_comments": [],
        "user_is_banned": null,
        "free_form_reports": true,
        "community_icon": null,
        "show_media": true,
        "icon_color": "",
        "user_is_muted": null,
        "display_name": "u_Less_Campaign_6956",
        "header_img": null,
        "title": "Uhhhhhh.. ",
        "previous_names": [],
        "over_18": true,
        "icon_size": [
            256,
            256
        ],
        "primary_color": "",
        "icon_img": "https://i.redd.it/snoovatar/avatars/42a210b7-260e-4b77-9ef9-35dc44845acc-headshot.png",
        "description": "",
        "submit_link_label": "",
        "header_size": null,
        "restrict_posting": true,
        "restrict_commenting": false,
        "subscribers": 0,
        "submit_text_label": "",
        "is_default_icon": false,
        "link_flair_position": "",
        "display_name_prefixed": "u/Less_Campaign_6956",
        "key_color": "",
        "name": "t5_90g2u6",
        "is_default_banner": true,
        "url": "/user/Less_Campaign_6956/",
        "quarantine": false,
        "banner_size": null,
        "user_is_moderator": null,
        "accept_followers": false,
        "public_description": "I luv my reddit. \ud83e\udd70\ud83e\udd70\ud83e\udd70\ud83e\udd70\u2764\ufe0f\u2764\ufe0f\u2764\ufe0f\u2764\ufe0f\ud83d\udc4d\ud83d\udc4d\ud83d\udc4d\ud83d\ude0d\ud83d\ude0d\ud83d\ude0d",
        "link_flair_enabled": false,
        "disable_contributor_requests": false,
        "subreddit_type": "user",
        "user_is_subscriber": null
    },
    "snoovatar_size": [
        380,
        600
    ],
    "awardee_karma": 0,
    "id": "gptdtfo00",
    "verified": true,
    "is_gold": false,
    "is_mod": false,
    "awarder_karma": 0,
    "has_verified_email": true,
    "icon_img": "https://i.redd.it/snoovatar/avatars/42a210b7-260e-4b77-9ef9-35dc44845acc-headshot.png",
    "hide_from_robots": true,
    "link_karma": 2220,
    "is_blocked": false,
    "total_karma": 9466,
    "pref_show_snoovatar": false,
    "name": "Less_Campaign_6956",
    "created": 1690935419.0,
    "created_utc": 1690935419.0,
    "snoovatar_img": "https://i.redd.it/snoovatar/avatars/42a210b7-260e-4b77-9ef9-35dc44845acc.png",
    "comment_karma": 7246,
    "accept_followers": false,
    "has_subscribed": true
}