{
    "is_employee": false,
    "is_friend": false,
    "subreddit": {
        "default_set": true,
        "user_is_contributor": null,
        "banner_img": "",
        "allowed_media_in_comments": [],
        "user_is_banned": null,
        "free_form_reports": true,
        "community_icon": null,
        "show_media": true,
        "icon_color": "",
        "user_is_muted": null,
        "display_name": "u_lexaril",
        "header_img": null,
        "title": "lexaril",
        "previous_names": [],
        "over_18": true,
        "icon_size": [
            256,
            256
        ],
        "primary_color": "",
        "icon_img": "https://styles.redditmedia.com/t5_nolwp/styles/profileIcon_oi9x1yiivfbf1.jpeg?width=256&amp;height=256&amp;crop=256:256,smart&amp;s=5c32e3692f5a922247907419bde395a5741bc62a",
        "description": "",
        "submit_link_label": "",
        "header_size": null,
        "restrict_posting": true,
        "restrict_commenting": false,
        "subscribers": 0,
        "submit_text_label": "",
        "is_default_icon": false,
        "link_flair_position": "",
        "display_name_prefixed": "u/lexaril",
        "key_color": "",
        "name": "t5_nolwp",
        "is_default_banner": true,
        "url": "/user/lexaril/",
        "quarantine": false,
        "banner_size": null,
        "user_is_moderator": null,
        "accept_followers": true,
        "public_description": "Experienced spider identifier &amp; enthusiast. Discord is \"alm_nd\"",
        "link_flair_enabled": false,
        "disable_contributor_requests": false,
        "subreddit_type": "user",
        "user_is_subscriber": null
    },
    "snoovatar_size": null,
    "awardee_karma": 0,
    "id": "227j0epr",
    "verified": true,
    "is_gold": false,
    "is_mod": true,
    "awarder_karma": 0,
    "has_verified_email": true,
    "icon_img": "https://styles.redditmedia.com/t5_nolwp/styles/profileIcon_oi9x1yiivfbf1.jpeg?width=256&amp;height=256&amp;crop=256:256,smart&amp;s=5c32e3692f5a922247907419bde395a5741bc62a",
    "hide_from_robots": true,
    "link_karma": 2987,
    "is_blocked": false,
    "total_karma": 26366,
    "pref_show_snoovatar": false,
    "name": "lexaril",
    "created": 1535215825.0,
    "created_utc": 1535215825.0,
    "snoovatar_img": "",
    "comment_karma": 23379,
    "accept_followers": true,
    "has_subscribed": true
}