{
    "is_employee": false,
    "is_friend": false,
    "subreddit": {
        "default_set": false,
        "user_is_contributor": null,
        "banner_img": "https://styles.redditmedia.com/t5_44jqci/styles/profileBanner_sunrk8xscpoe1.png?width=1280&amp;height=384&amp;crop=1280:384,smart&amp;s=6d73300062b0b0a150aa1ec091beb29ac331f5d5",
        "allowed_media_in_comments": [],
        "user_is_banned": null,
        "free_form_reports": true,
        "community_icon": null,
        "show_media": true,
        "icon_color": "",
        "user_is_muted": null,
        "display_name": "u_lord_j0rd_",
        "header_img": null,
        "title": "maniel",
        "previous_names": [],
        "over_18": true,
        "icon_size": [
            256,
            256
        ],
        "primary_color": "",
        "icon_img": "https://styles.redditmedia.com/t5_44jqci/styles/profileIcon_bs8pckm3i3bf1.png?width=256&amp;height=256&amp;crop=256:256,smart&amp;s=20e82d26d95337d6881c919c5ec9dff79d8ae4cd",
        "description": "",
        "submit_link_label": "",
        "header_size": null,
        "restrict_posting": true,
        "restrict_commenting": false,
        "subscribers": 0,
        "submit_text_label": "",
        "is_default_icon": false,
        "link_flair_position": "",
        "display_name_prefixed": "u/lord_j0rd_",
        "key_color": "",
        "name": "t5_44jqci",
        "is_default_banner": false,
        "url": "/user/lord_j0rd_/",
        "quarantine": false,
        "banner_size": [
            1280,
            384
        ],
        "user_is_moderator": null,
        "accept_followers": false,
        "public_description": "",
        "link_flair_enabled": false,
        "disable_contributor_requests": false,
        "subreddit_type": "user",
        "user_is_subscriber": null
    },
    "snoovatar_size": null,
    "awardee_karma": 0,
    "id": "92zey407",
    "verified": true,
    "is_gold": false,
    "is_mod": false,
    "awarder_karma": 0,
    "has_verified_email": true,
    "icon_img": "https://styles.redditmedia.com/t5_44jqci/styles/profileIcon_bs8pckm3i3bf1.png?width=256&amp;height=256&amp;crop=256:256,smart&amp;s=20e82d26d95337d6881c919c5ec9dff79d8ae4cd",
    "hide_from_robots": true,
    "link_karma": 6057,
    "is_blocked": false,
    "total_karma": 53089,
    "pref_show_snoovatar": false,
    "name": "lord_j0rd_",
    "created": 1616113979.0,
    "created_utc": 1616113979.0,
    "snoovatar_img": "",
    "comment_karma": 47032,
    "accept_followers": false,
    "has_subscribed": true
}