{
    "is_employee": false,
    "is_friend": false,
    "subreddit": {
        "default_set": false,
        "user_is_contributor": null,
        "banner_img": "",
        "allowed_media_in_comments": [],
        "user_is_banned": null,
        "free_form_reports": true,
        "community_icon": null,
        "show_media": true,
        "icon_color": "",
        "user_is_muted": null,
        "display_name": "u_mbalax32",
        "header_img": null,
        "title": "",
        "previous_names": [],
        "over_18": false,
        "icon_size": [
            256,
            256
        ],
        "primary_color": "",
        "icon_img": "https://styles.redditmedia.com/t5_5jnlrh/styles/profileIcon_26ro7ikzyhsb1.jpg?width=256&amp;height=256&amp;crop=256:256,smart&amp;s=dd410f7d25489406e588040697900e2bf755320a",
        "description": "",
        "submit_link_label": "",
        "header_size": null,
        "restrict_posting": true,
        "restrict_commenting": false,
        "subscribers": 0,
        "submit_text_label": "",
        "is_default_icon": false,
        "link_flair_position": "",
        "display_name_prefixed": "u/mbalax32",
        "key_color": "",
        "name": "t5_5jnlrh",
        "is_default_banner": true,
        "url": "/user/mbalax32/",
        "quarantine": false,
        "banner_size": null,
        "user_is_moderator": null,
        "accept_followers": true,
        "public_description": "",
        "link_flair_enabled": false,
        "disable_contributor_requests": false,
        "subreddit_type": "user",
        "user_is_subscriber": null
    },
    "snoovatar_size": null,
    "awardee_karma": 0,
    "id": "a66ea5bo",
    "verified": true,
    "is_gold": false,
    "is_mod": false,
    "awarder_karma": 0,
    "has_verified_email": true,
    "icon_img": "https://styles.redditmedia.com/t5_5jnlrh/styles/profileIcon_26ro7ikzyhsb1.jpg?width=256&amp;height=256&amp;crop=256:256,smart&amp;s=dd410f7d25489406e588040697900e2bf755320a",
    "hide_from_robots": false,
    "link_karma": 472,
    "is_blocked": false,
    "total_karma": 1306,
    "pref_show_snoovatar": false,
    "name": "mbalax32",
    "created": 1640332721.0,
    "created_utc": 1640332721.0,
    "snoovatar_img": "",
    "comment_karma": 834,
    "accept_followers": true,
    "has_subscribed": true
}