{
    "is_employee": false,
    "is_friend": false,
    "subreddit": {
        "default_set": true,
        "user_is_contributor": null,
        "banner_img": "",
        "allowed_media_in_comments": [],
        "user_is_banned": null,
        "free_form_reports": true,
        "community_icon": null,
        "show_media": true,
        "icon_color": "",
        "user_is_muted": null,
        "display_name": "u_me-oh-my-guy",
        "header_img": null,
        "title": "",
        "previous_names": [],
        "over_18": false,
        "icon_size": [
            256,
            256
        ],
        "primary_color": "",
        "icon_img": "https://i.redd.it/snoovatar/avatars/nftv2_bmZ0X2VpcDE1NToxMzdfZWI5NTlhNzE1ZGZmZmU2ZjgyZjQ2MDU1MzM5ODJjNDg1OWNiMTRmZV8xNzk0MDA5Nw_rare_72adb8a2-be31-4e08-abb9-b67536c9bc44-headshot.png",
        "description": "",
        "submit_link_label": "",
        "header_size": null,
        "restrict_posting": true,
        "restrict_commenting": false,
        "subscribers": 0,
        "submit_text_label": "",
        "is_default_icon": false,
        "link_flair_position": "",
        "display_name_prefixed": "u/me-oh-my-guy",
        "key_color": "",
        "name": "t5_amrlak",
        "is_default_banner": true,
        "url": "/user/me-oh-my-guy/",
        "quarantine": false,
        "banner_size": null,
        "user_is_moderator": null,
        "accept_followers": true,
        "public_description": "",
        "link_flair_enabled": false,
        "disable_contributor_requests": false,
        "subreddit_type": "user",
        "user_is_subscriber": null
    },
    "snoovatar_size": [
        380,
        600
    ],
    "awardee_karma": 0,
    "id": "sk7dand57",
    "verified": true,
    "is_gold": false,
    "is_mod": false,
    "awarder_karma": 0,
    "has_verified_email": true,
    "icon_img": "https://i.redd.it/snoovatar/avatars/nftv2_bmZ0X2VpcDE1NToxMzdfZWI5NTlhNzE1ZGZmZmU2ZjgyZjQ2MDU1MzM5ODJjNDg1OWNiMTRmZV8xNzk0MDA5Nw_rare_72adb8a2-be31-4e08-abb9-b67536c9bc44-headshot.png",
    "hide_from_robots": false,
    "link_karma": 1,
    "is_blocked": false,
    "total_karma": 1284,
    "pref_show_snoovatar": false,
    "name": "me-oh-my-guy",
    "created": 1705872370.0,
    "created_utc": 1705872370.0,
    "snoovatar_img": "https://i.redd.it/snoovatar/avatars/nftv2_bmZ0X2VpcDE1NToxMzdfZWI5NTlhNzE1ZGZmZmU2ZjgyZjQ2MDU1MzM5ODJjNDg1OWNiMTRmZV8xNzk0MDA5Nw_rare_72adb8a2-be31-4e08-abb9-b67536c9bc44.png",
    "comment_karma": 1283,
    "accept_followers": true,
    "has_subscribed": true
}