{
    "is_employee": false,
    "is_friend": false,
    "subreddit": {
        "default_set": false,
        "user_is_contributor": null,
        "banner_img": "",
        "allowed_media_in_comments": [],
        "user_is_banned": null,
        "free_form_reports": true,
        "community_icon": null,
        "show_media": true,
        "icon_color": "",
        "user_is_muted": null,
        "display_name": "u_mezonsen",
        "header_img": null,
        "title": "Matt",
        "previous_names": [],
        "over_18": true,
        "icon_size": [
            256,
            256
        ],
        "primary_color": "",
        "icon_img": "https://styles.redditmedia.com/t5_frr6k/styles/profileIcon_lvdpywpac3la1.jpg?width=256&amp;height=256&amp;crop=256:256,smart&amp;s=7ecad0505bebcdeae5e457729b050ce34a2a28af",
        "description": "",
        "submit_link_label": "",
        "header_size": null,
        "restrict_posting": true,
        "restrict_commenting": false,
        "subscribers": 0,
        "submit_text_label": "",
        "is_default_icon": false,
        "link_flair_position": "",
        "display_name_prefixed": "u/mezonsen",
        "key_color": "",
        "name": "t5_frr6k",
        "is_default_banner": true,
        "url": "/user/mezonsen/",
        "quarantine": false,
        "banner_size": null,
        "user_is_moderator": null,
        "accept_followers": true,
        "public_description": "",
        "link_flair_enabled": false,
        "disable_contributor_requests": false,
        "subreddit_type": "user",
        "user_is_subscriber": null
    },
    "snoovatar_size": null,
    "awardee_karma": 0,
    "id": "12idmz",
    "verified": true,
    "is_gold": false,
    "is_mod": false,
    "awarder_karma": 0,
    "has_verified_email": true,
    "icon_img": "https://styles.redditmedia.com/t5_frr6k/styles/profileIcon_lvdpywpac3la1.jpg?width=256&amp;height=256&amp;crop=256:256,smart&amp;s=7ecad0505bebcdeae5e457729b050ce34a2a28af",
    "hide_from_robots": true,
    "link_karma": 18494,
    "is_blocked": false,
    "total_karma": 141245,
    "pref_show_snoovatar": false,
    "name": "mezonsen",
    "created": 1477961012.0,
    "created_utc": 1477961012.0,
    "snoovatar_img": "",
    "comment_karma": 122751,
    "accept_followers": true,
    "has_subscribed": true
}