{
    "is_employee": false,
    "is_friend": false,
    "subreddit": {
        "default_set": false,
        "user_is_contributor": null,
        "banner_img": "https://styles.redditmedia.com/t5_c3iq3v/styles/profileBanner_xwjpzpu4rd8e1.jpeg?width=1280&amp;height=384&amp;crop=1280:384,smart&amp;s=b9a5719f701c75dc0c5e33c7e544192dd6540813",
        "allowed_media_in_comments": [],
        "user_is_banned": null,
        "free_form_reports": true,
        "community_icon": null,
        "show_media": true,
        "icon_color": "",
        "user_is_muted": null,
        "display_name": "u_MistakenDad",
        "header_img": null,
        "title": "I'm probably mistaken",
        "previous_names": [],
        "over_18": false,
        "icon_size": [
            256,
            256
        ],
        "primary_color": "",
        "icon_img": "https://i.redd.it/snoovatar/avatars/464e9d07-555f-4706-823c-ae04d62d005c-headshot.png",
        "description": "",
        "submit_link_label": "",
        "header_size": null,
        "restrict_posting": true,
        "restrict_commenting": false,
        "subscribers": 0,
        "submit_text_label": "",
        "is_default_icon": false,
        "link_flair_position": "",
        "display_name_prefixed": "u/MistakenDad",
        "key_color": "",
        "name": "t5_c3iq3v",
        "is_default_banner": false,
        "url": "/user/MistakenDad/",
        "quarantine": false,
        "banner_size": [
            1280,
            384
        ],
        "user_is_moderator": null,
        "accept_followers": false,
        "public_description": "I was probably wrong about whatever I was talking about. You were probably correct. I am sorry if I offended you. ",
        "link_flair_enabled": false,
        "disable_contributor_requests": false,
        "subreddit_type": "user",
        "user_is_subscriber": null
    },
    "snoovatar_size": [
        380,
        600
    ],
    "awardee_karma": 0,
    "id": "15i17428mo",
    "verified": true,
    "is_gold": false,
    "is_mod": false,
    "awarder_karma": 0,
    "has_verified_email": true,
    "icon_img": "https://i.redd.it/snoovatar/avatars/464e9d07-555f-4706-823c-ae04d62d005c-headshot.png",
    "hide_from_robots": true,
    "link_karma": 3620,
    "is_blocked": false,
    "total_karma": 32880,
    "pref_show_snoovatar": false,
    "name": "MistakenDad",
    "created": 1722362447.0,
    "created_utc": 1722362447.0,
    "snoovatar_img": "https://i.redd.it/snoovatar/avatars/464e9d07-555f-4706-823c-ae04d62d005c.png",
    "comment_karma": 29260,
    "accept_followers": false,
    "has_subscribed": true
}