{
    "is_employee": false,
    "is_friend": false,
    "subreddit": {
        "default_set": true,
        "user_is_contributor": null,
        "banner_img": "",
        "allowed_media_in_comments": [],
        "user_is_banned": null,
        "free_form_reports": true,
        "community_icon": null,
        "show_media": true,
        "icon_color": "",
        "user_is_muted": null,
        "display_name": "u_Mor_Padraig",
        "header_img": null,
        "title": "",
        "previous_names": [],
        "over_18": false,
        "icon_size": [
            256,
            256
        ],
        "primary_color": "",
        "icon_img": "https://i.redd.it/snoovatar/avatars/f2f0321c-284a-4d50-86f1-656df4851840-headshot.png",
        "description": "",
        "submit_link_label": "",
        "header_size": null,
        "restrict_posting": true,
        "restrict_commenting": false,
        "subscribers": 0,
        "submit_text_label": "",
        "is_default_icon": false,
        "link_flair_position": "",
        "display_name_prefixed": "u/Mor_Padraig",
        "key_color": "",
        "name": "t5_cpeb6l",
        "is_default_banner": true,
        "url": "/user/Mor_Padraig/",
        "quarantine": false,
        "banner_size": null,
        "user_is_moderator": null,
        "accept_followers": true,
        "public_description": "Just starting again because remembering your password is important......",
        "link_flair_enabled": false,
        "disable_contributor_requests": false,
        "subreddit_type": "user",
        "user_is_subscriber": null
    },
    "snoovatar_size": [
        380,
        600
    ],
    "awardee_karma": 0,
    "id": "63ot9a9q",
    "verified": true,
    "is_gold": false,
    "is_mod": false,
    "awarder_karma": 0,
    "has_verified_email": false,
    "icon_img": "https://i.redd.it/snoovatar/avatars/f2f0321c-284a-4d50-86f1-656df4851840-headshot.png",
    "hide_from_robots": false,
    "link_karma": 1,
    "is_blocked": false,
    "total_karma": 31888,
    "pref_show_snoovatar": false,
    "name": "Mor_Padraig",
    "created": 1729286503.0,
    "created_utc": 1729286503.0,
    "snoovatar_img": "https://i.redd.it/snoovatar/avatars/f2f0321c-284a-4d50-86f1-656df4851840.png",
    "comment_karma": 31887,
    "accept_followers": true,
    "has_subscribed": true
}