{
    "is_employee": false,
    "is_friend": false,
    "subreddit": {
        "default_set": true,
        "user_is_contributor": null,
        "banner_img": "https://styles.redditmedia.com/t5_ga55x/styles/profileBanner_2sah77a1r0tf1.jpeg?width=1280&amp;height=384&amp;crop=1280:384,smart&amp;s=29f4f3478b58a1715c479ba30d6d793ad456b2d7",
        "allowed_media_in_comments": [],
        "user_is_banned": null,
        "free_form_reports": true,
        "community_icon": null,
        "show_media": true,
        "icon_color": "",
        "user_is_muted": null,
        "display_name": "u_mostlyepic",
        "header_img": null,
        "title": "",
        "previous_names": [],
        "over_18": false,
        "icon_size": [
            256,
            256
        ],
        "primary_color": "",
        "icon_img": "https://i.redd.it/snoovatar/avatars/08780464-2df4-43ab-a037-7058ec9a822b-headshot.png",
        "description": "",
        "submit_link_label": "",
        "header_size": null,
        "restrict_posting": true,
        "restrict_commenting": false,
        "subscribers": 0,
        "submit_text_label": "",
        "is_default_icon": false,
        "link_flair_position": "",
        "display_name_prefixed": "u/mostlyepic",
        "key_color": "",
        "name": "t5_ga55x",
        "is_default_banner": false,
        "url": "/user/mostlyepic/",
        "quarantine": false,
        "banner_size": [
            1280,
            384
        ],
        "user_is_moderator": null,
        "accept_followers": true,
        "public_description": "",
        "link_flair_enabled": false,
        "disable_contributor_requests": false,
        "subreddit_type": "user",
        "user_is_subscriber": null
    },
    "snoovatar_size": [
        380,
        600
    ],
    "awardee_karma": 0,
    "id": "z1khlmg",
    "verified": true,
    "is_gold": false,
    "is_mod": false,
    "awarder_karma": 0,
    "has_verified_email": true,
    "icon_img": "https://i.redd.it/snoovatar/avatars/08780464-2df4-43ab-a037-7058ec9a822b-headshot.png",
    "hide_from_robots": false,
    "link_karma": 234,
    "is_blocked": false,
    "total_karma": 3474,
    "pref_show_snoovatar": false,
    "name": "mostlyepic",
    "created": 1519731508.0,
    "created_utc": 1519731508.0,
    "snoovatar_img": "https://i.redd.it/snoovatar/avatars/08780464-2df4-43ab-a037-7058ec9a822b.png",
    "comment_karma": 3240,
    "accept_followers": true,
    "has_subscribed": true
}