{
    "is_employee": false,
    "is_friend": false,
    "subreddit": {
        "default_set": true,
        "user_is_contributor": null,
        "banner_img": "",
        "allowed_media_in_comments": [],
        "user_is_banned": null,
        "free_form_reports": true,
        "community_icon": null,
        "show_media": true,
        "icon_color": "",
        "user_is_muted": null,
        "display_name": "u_MountainPlantation",
        "header_img": null,
        "title": "",
        "previous_names": [],
        "over_18": false,
        "icon_size": [
            256,
            256
        ],
        "primary_color": "",
        "icon_img": "https://styles.redditmedia.com/t5_npvep/styles/profileIcon_snooc00ba421-0a0d-405e-aaca-eefe803cbfd3-headshot-f.png?width=256&amp;height=256&amp;crop=256:256,smart&amp;s=ccbde948f16468f845987b6a9bab6ddc10b8af74",
        "description": "",
        "submit_link_label": "",
        "header_size": null,
        "restrict_posting": true,
        "restrict_commenting": false,
        "subscribers": 0,
        "submit_text_label": "",
        "is_default_icon": false,
        "link_flair_position": "",
        "display_name_prefixed": "u/MountainPlantation",
        "key_color": "",
        "name": "t5_npvep",
        "is_default_banner": true,
        "url": "/user/MountainPlantation/",
        "quarantine": false,
        "banner_size": null,
        "user_is_moderator": null,
        "accept_followers": true,
        "public_description": "",
        "link_flair_enabled": false,
        "disable_contributor_requests": false,
        "subreddit_type": "user",
        "user_is_subscriber": null
    },
    "snoovatar_size": [
        380,
        600
    ],
    "awardee_karma": 0,
    "id": "22ahvvee",
    "verified": true,
    "is_gold": false,
    "is_mod": false,
    "awarder_karma": 0,
    "has_verified_email": true,
    "icon_img": "https://styles.redditmedia.com/t5_npvep/styles/profileIcon_snooc00ba421-0a0d-405e-aaca-eefe803cbfd3-headshot-f.png?width=256&amp;height=256&amp;crop=256:256,smart&amp;s=ccbde948f16468f845987b6a9bab6ddc10b8af74",
    "hide_from_robots": false,
    "link_karma": 1145,
    "is_blocked": false,
    "total_karma": 14737,
    "pref_show_snoovatar": false,
    "name": "MountainPlantation",
    "created": 1535287585.0,
    "created_utc": 1535287585.0,
    "snoovatar_img": "https://i.redd.it/snoovatar/avatars/c00ba421-0a0d-405e-aaca-eefe803cbfd3.png",
    "comment_karma": 13592,
    "accept_followers": true,
    "has_subscribed": true
}