{
    "is_employee": false,
    "is_friend": false,
    "subreddit": {
        "default_set": true,
        "user_is_contributor": null,
        "banner_img": "https://styles.redditmedia.com/t5_ebt86o/styles/profileBanner_tub89w3j3wxe1.jpeg?width=1280&amp;height=384&amp;crop=1280:384,smart&amp;s=8421f9c7530338f7174b43f775b10782a72eb67b",
        "allowed_media_in_comments": [],
        "user_is_banned": null,
        "free_form_reports": true,
        "community_icon": null,
        "show_media": true,
        "icon_color": "",
        "user_is_muted": null,
        "display_name": "u_Mr-FD",
        "header_img": null,
        "title": "Mr. FD",
        "previous_names": [],
        "over_18": false,
        "icon_size": [
            256,
            256
        ],
        "primary_color": "",
        "icon_img": "https://styles.redditmedia.com/t5_ebt86o/styles/profileIcon_ertpchpc2wxe1.png?width=256&amp;height=256&amp;crop=256:256,smart&amp;s=e97bba8ca830216b2ba1c17aae69f8aa4359cba3",
        "description": "",
        "submit_link_label": "",
        "header_size": null,
        "restrict_posting": true,
        "restrict_commenting": false,
        "subscribers": 0,
        "submit_text_label": "",
        "is_default_icon": false,
        "link_flair_position": "",
        "display_name_prefixed": "u/Mr-FD",
        "key_color": "",
        "name": "t5_ebt86o",
        "is_default_banner": false,
        "url": "/user/Mr-FD/",
        "quarantine": false,
        "banner_size": [
            1280,
            384
        ],
        "user_is_moderator": null,
        "accept_followers": true,
        "public_description": "Warning: I'm a cartoon supervillain running on leverage. Any trades, coins, or ideas mentioned here are for entertainment only.",
        "link_flair_enabled": false,
        "disable_contributor_requests": false,
        "subreddit_type": "user",
        "user_is_subscriber": null
    },
    "snoovatar_size": null,
    "awardee_karma": 0,
    "id": "1m62uz43dn",
    "verified": true,
    "is_gold": false,
    "is_mod": false,
    "awarder_karma": 0,
    "has_verified_email": true,
    "icon_img": "https://styles.redditmedia.com/t5_ebt86o/styles/profileIcon_ertpchpc2wxe1.png?width=256&amp;height=256&amp;crop=256:256,smart&amp;s=e97bba8ca830216b2ba1c17aae69f8aa4359cba3",
    "hide_from_robots": true,
    "link_karma": 483,
    "is_blocked": false,
    "total_karma": 9758,
    "pref_show_snoovatar": false,
    "name": "Mr-FD",
    "created": 1746000264.0,
    "created_utc": 1746000264.0,
    "snoovatar_img": "",
    "comment_karma": 9275,
    "accept_followers": true,
    "has_subscribed": true
}