{
    "is_employee": false,
    "is_friend": false,
    "subreddit": {
        "default_set": true,
        "user_is_contributor": null,
        "banner_img": "",
        "allowed_media_in_comments": [],
        "user_is_banned": null,
        "free_form_reports": true,
        "community_icon": null,
        "show_media": true,
        "icon_color": "",
        "user_is_muted": null,
        "display_name": "u_Mrrrrggggl",
        "header_img": null,
        "title": "",
        "previous_names": [],
        "over_18": false,
        "icon_size": [
            256,
            256
        ],
        "primary_color": "",
        "icon_img": "https://styles.redditmedia.com/t5_arnbk/styles/profileIcon_snoo-nftv2_bmZ0X2VpcDE1NToxMzdfYzhkM2EzYTgzYmRlNWRhZDA2ZDQzNjY5NGUzZTIyYWMzZTY0ZDU3N182Njk5NDU_rare_22fde88d-f4fb-4d03-a176-cb291b39bb74-headshot.png?width=256&amp;height=256&amp;crop=256:256,smart&amp;s=01d31743db40636b7d22bdd491a01370d5317d09",
        "description": "",
        "submit_link_label": "",
        "header_size": null,
        "restrict_posting": true,
        "restrict_commenting": false,
        "subscribers": 0,
        "submit_text_label": "",
        "is_default_icon": false,
        "link_flair_position": "",
        "display_name_prefixed": "u/Mrrrrggggl",
        "key_color": "",
        "name": "t5_arnbk",
        "is_default_banner": true,
        "url": "/user/Mrrrrggggl/",
        "quarantine": false,
        "banner_size": null,
        "user_is_moderator": null,
        "accept_followers": true,
        "public_description": "",
        "link_flair_enabled": false,
        "disable_contributor_requests": false,
        "subreddit_type": "user",
        "user_is_subscriber": null
    },
    "snoovatar_size": [
        380,
        600
    ],
    "awardee_karma": 0,
    "id": "wit2o",
    "verified": true,
    "is_gold": false,
    "is_mod": false,
    "awarder_karma": 0,
    "has_verified_email": false,
    "icon_img": "https://styles.redditmedia.com/t5_arnbk/styles/profileIcon_snoo-nftv2_bmZ0X2VpcDE1NToxMzdfYzhkM2EzYTgzYmRlNWRhZDA2ZDQzNjY5NGUzZTIyYWMzZTY0ZDU3N182Njk5NDU_rare_22fde88d-f4fb-4d03-a176-cb291b39bb74-headshot.png?width=256&amp;height=256&amp;crop=256:256,smart&amp;s=01d31743db40636b7d22bdd491a01370d5317d09",
    "hide_from_robots": false,
    "link_karma": 1,
    "is_blocked": false,
    "total_karma": 33758,
    "pref_show_snoovatar": false,
    "name": "Mrrrrggggl",
    "created": 1458457235.0,
    "created_utc": 1458457235.0,
    "snoovatar_img": "https://i.redd.it/snoovatar/avatars/nftv2_bmZ0X2VpcDE1NToxMzdfYzhkM2EzYTgzYmRlNWRhZDA2ZDQzNjY5NGUzZTIyYWMzZTY0ZDU3N182Njk5NDU_rare_22fde88d-f4fb-4d03-a176-cb291b39bb74.png",
    "comment_karma": 33757,
    "accept_followers": true,
    "has_subscribed": true
}