{
    "is_employee": false,
    "is_friend": false,
    "subreddit": {
        "default_set": true,
        "user_is_contributor": null,
        "banner_img": "",
        "allowed_media_in_comments": [],
        "user_is_banned": null,
        "free_form_reports": true,
        "community_icon": null,
        "show_media": true,
        "icon_color": "",
        "user_is_muted": null,
        "display_name": "u_N-partEpoxy",
        "header_img": null,
        "title": "",
        "previous_names": [],
        "over_18": false,
        "icon_size": [
            256,
            256
        ],
        "primary_color": "",
        "icon_img": "https://styles.redditmedia.com/t5_5pkdib/styles/profileIcon_snoo31ef86e5-deb8-4ab1-b50a-7969fd64fe8e-headshot.png?width=256&amp;height=256&amp;crop=256:256,smart&amp;s=ea4d2813fe2d78ea855f0c9218673c77b13ed502",
        "description": "",
        "submit_link_label": "",
        "header_size": null,
        "restrict_posting": true,
        "restrict_commenting": false,
        "subscribers": 0,
        "submit_text_label": "",
        "is_default_icon": false,
        "link_flair_position": "",
        "display_name_prefixed": "u/N-partEpoxy",
        "key_color": "",
        "name": "t5_5pkdib",
        "is_default_banner": true,
        "url": "/user/N-partEpoxy/",
        "quarantine": false,
        "banner_size": null,
        "user_is_moderator": null,
        "accept_followers": true,
        "public_description": "",
        "link_flair_enabled": false,
        "disable_contributor_requests": false,
        "subreddit_type": "user",
        "user_is_subscriber": null
    },
    "snoovatar_size": [
        380,
        600
    ],
    "awardee_karma": 0,
    "id": "iuguuru3",
    "verified": true,
    "is_gold": false,
    "is_mod": false,
    "awarder_karma": 0,
    "has_verified_email": true,
    "icon_img": "https://styles.redditmedia.com/t5_5pkdib/styles/profileIcon_snoo31ef86e5-deb8-4ab1-b50a-7969fd64fe8e-headshot.png?width=256&amp;height=256&amp;crop=256:256,smart&amp;s=ea4d2813fe2d78ea855f0c9218673c77b13ed502",
    "hide_from_robots": false,
    "link_karma": 2397,
    "is_blocked": false,
    "total_karma": 113932,
    "pref_show_snoovatar": false,
    "name": "N-partEpoxy",
    "created": 1642711647.0,
    "created_utc": 1642711647.0,
    "snoovatar_img": "https://i.redd.it/snoovatar/avatars/31ef86e5-deb8-4ab1-b50a-7969fd64fe8e.png",
    "comment_karma": 111535,
    "accept_followers": true,
    "has_subscribed": true
}