{
    "is_employee": false,
    "is_friend": false,
    "subreddit": {
        "default_set": true,
        "user_is_contributor": null,
        "banner_img": "",
        "allowed_media_in_comments": [],
        "user_is_banned": null,
        "free_form_reports": true,
        "community_icon": null,
        "show_media": true,
        "icon_color": "",
        "user_is_muted": null,
        "display_name": "u_nanobot001",
        "header_img": null,
        "title": "nanobot001",
        "previous_names": [],
        "over_18": false,
        "icon_size": [
            256,
            256
        ],
        "primary_color": "",
        "icon_img": "https://styles.redditmedia.com/t5_gp3uq/styles/profileIcon_snoo-nftv2_bmZ0X2VpcDE1NToxMzdfNDY2YTMzMDg4N2JkZjYyZDUzZjk2OGVhODI0NzkzMTUwZjA3NzYyZV8zMDMyMDA_rare_f0edf54d-2e9a-445a-8ce2-f4eea3c1cad6-headshot.png?width=256&amp;height=256&amp;crop=256:256,smart&amp;s=5ec5117282ae4e774543caa0ef1af6867c6db016",
        "description": "",
        "submit_link_label": "",
        "header_size": null,
        "restrict_posting": true,
        "restrict_commenting": false,
        "subscribers": 0,
        "submit_text_label": "",
        "is_default_icon": false,
        "link_flair_position": "",
        "display_name_prefixed": "u/nanobot001",
        "key_color": "",
        "name": "t5_gp3uq",
        "is_default_banner": true,
        "url": "/user/nanobot001/",
        "quarantine": false,
        "banner_size": null,
        "user_is_moderator": null,
        "accept_followers": true,
        "public_description": "a traveler from the future.",
        "link_flair_enabled": false,
        "disable_contributor_requests": false,
        "subreddit_type": "user",
        "user_is_subscriber": null
    },
    "snoovatar_size": [
        380,
        600
    ],
    "awardee_karma": 0,
    "id": "ciug",
    "verified": true,
    "is_gold": true,
    "is_mod": true,
    "awarder_karma": 0,
    "has_verified_email": true,
    "icon_img": "https://styles.redditmedia.com/t5_gp3uq/styles/profileIcon_snoo-nftv2_bmZ0X2VpcDE1NToxMzdfNDY2YTMzMDg4N2JkZjYyZDUzZjk2OGVhODI0NzkzMTUwZjA3NzYyZV8zMDMyMDA_rare_f0edf54d-2e9a-445a-8ce2-f4eea3c1cad6-headshot.png?width=256&amp;height=256&amp;crop=256:256,smart&amp;s=5ec5117282ae4e774543caa0ef1af6867c6db016",
    "hide_from_robots": false,
    "link_karma": 202849,
    "is_blocked": false,
    "total_karma": 495366,
    "pref_show_snoovatar": false,
    "name": "nanobot001",
    "created": 1154931618.0,
    "created_utc": 1154931618.0,
    "snoovatar_img": "https://i.redd.it/snoovatar/avatars/nftv2_bmZ0X2VpcDE1NToxMzdfNDY2YTMzMDg4N2JkZjYyZDUzZjk2OGVhODI0NzkzMTUwZjA3NzYyZV8zMDMyMDA_rare_f0edf54d-2e9a-445a-8ce2-f4eea3c1cad6.png",
    "comment_karma": 292517,
    "accept_followers": true,
    "has_subscribed": true
}