{
    "is_employee": false,
    "is_friend": false,
    "subreddit": {
        "default_set": false,
        "user_is_contributor": null,
        "banner_img": "https://styles.redditmedia.com/t5_ee568/styles/profileBanner_o8ev9p6xxbae1.png?width=1280&amp;height=384&amp;crop=1280:384,smart&amp;s=bb39e57c0e66c9f65486b77c6e04aeee78004471",
        "allowed_media_in_comments": [],
        "user_is_banned": null,
        "free_form_reports": true,
        "community_icon": null,
        "show_media": true,
        "icon_color": "#FF99AA",
        "user_is_muted": null,
        "display_name": "u_Nodbot",
        "header_img": null,
        "title": "",
        "previous_names": [],
        "over_18": false,
        "icon_size": [
            256,
            256
        ],
        "primary_color": "",
        "icon_img": "https://www.redditstatic.com/avatars/defaults/v2/avatar_default_0.png",
        "description": "",
        "submit_link_label": "",
        "header_size": null,
        "restrict_posting": true,
        "restrict_commenting": false,
        "subscribers": 0,
        "submit_text_label": "",
        "is_default_icon": true,
        "link_flair_position": "",
        "display_name_prefixed": "u/Nodbot",
        "key_color": "",
        "name": "t5_ee568",
        "is_default_banner": false,
        "url": "/user/Nodbot/",
        "quarantine": false,
        "banner_size": [
            1280,
            384
        ],
        "user_is_moderator": null,
        "accept_followers": false,
        "public_description": "",
        "link_flair_enabled": false,
        "disable_contributor_requests": false,
        "subreddit_type": "user",
        "user_is_subscriber": null
    },
    "snoovatar_size": null,
    "awardee_karma": 0,
    "id": "cbfhk",
    "verified": true,
    "is_gold": false,
    "is_mod": false,
    "awarder_karma": 0,
    "has_verified_email": true,
    "icon_img": "https://www.redditstatic.com/avatars/defaults/v2/avatar_default_0.png",
    "hide_from_robots": true,
    "link_karma": 6421,
    "is_blocked": false,
    "total_karma": 27872,
    "pref_show_snoovatar": false,
    "name": "Nodbot",
    "created": 1373386930.0,
    "created_utc": 1373386930.0,
    "snoovatar_img": "",
    "comment_karma": 21451,
    "accept_followers": false,
    "has_subscribed": true
}