{
    "is_employee": false,
    "is_friend": false,
    "subreddit": {
        "default_set": false,
        "user_is_contributor": null,
        "banner_img": "https://styles.redditmedia.com/t5_2sp4op/styles/profileBanner_l2yh5ivx1bwf1.jpeg?width=1280&amp;height=384&amp;crop=1280:384,smart&amp;s=86fde155f0c1015019e24b0a0129f7352e1acc0c",
        "allowed_media_in_comments": [],
        "user_is_banned": null,
        "free_form_reports": true,
        "community_icon": null,
        "show_media": true,
        "icon_color": "",
        "user_is_muted": null,
        "display_name": "u_NormanMushariJr",
        "header_img": null,
        "title": "",
        "previous_names": [],
        "over_18": false,
        "icon_size": [
            256,
            256
        ],
        "primary_color": "",
        "icon_img": "https://i.redd.it/snoovatar/avatars/92bf7b8f-9e72-4a61-a879-b3ae4cd85e23-headshot.png",
        "description": "",
        "submit_link_label": "",
        "header_size": null,
        "restrict_posting": true,
        "restrict_commenting": false,
        "subscribers": 0,
        "submit_text_label": "",
        "is_default_icon": false,
        "link_flair_position": "",
        "display_name_prefixed": "u/NormanMushariJr",
        "key_color": "",
        "name": "t5_2sp4op",
        "is_default_banner": false,
        "url": "/user/NormanMushariJr/",
        "quarantine": false,
        "banner_size": [
            1280,
            384
        ],
        "user_is_moderator": null,
        "accept_followers": true,
        "public_description": "The monument of granite sent a beam into my eye.",
        "link_flair_enabled": false,
        "disable_contributor_requests": false,
        "subreddit_type": "user",
        "user_is_subscriber": null
    },
    "snoovatar_size": [
        380,
        600
    ],
    "awardee_karma": 0,
    "id": "71lzsnq7",
    "verified": true,
    "is_gold": false,
    "is_mod": true,
    "awarder_karma": 0,
    "has_verified_email": true,
    "icon_img": "https://i.redd.it/snoovatar/avatars/92bf7b8f-9e72-4a61-a879-b3ae4cd85e23-headshot.png",
    "hide_from_robots": false,
    "link_karma": 8461,
    "is_blocked": false,
    "total_karma": 29144,
    "pref_show_snoovatar": false,
    "name": "NormanMushariJr",
    "created": 1593098067.0,
    "created_utc": 1593098067.0,
    "snoovatar_img": "https://i.redd.it/snoovatar/avatars/92bf7b8f-9e72-4a61-a879-b3ae4cd85e23.png",
    "comment_karma": 20683,
    "accept_followers": true,
    "has_subscribed": true
}