{
    "is_employee": false,
    "is_friend": false,
    "subreddit": {
        "default_set": true,
        "user_is_contributor": null,
        "banner_img": "https://styles.redditmedia.com/t5_es524/styles/profileBanner_nri6e6k9lpyf1.jpeg?width=1280&amp;height=384&amp;crop=1280:384,smart&amp;s=7209b64faccf3bb42e9ae0a50df4ac0b3fe01e77",
        "allowed_media_in_comments": [],
        "user_is_banned": null,
        "free_form_reports": true,
        "community_icon": null,
        "show_media": true,
        "icon_color": "",
        "user_is_muted": null,
        "display_name": "u_Oakianus",
        "header_img": null,
        "title": "Joseph Mama",
        "previous_names": [],
        "over_18": false,
        "icon_size": [
            256,
            256
        ],
        "primary_color": "",
        "icon_img": "https://styles.redditmedia.com/t5_es524/styles/profileIcon_0igab3sskpyf1.png?width=256&amp;height=256&amp;crop=256:256,smart&amp;s=f62a7f3273d1c2ccc182ccc9eff4fe3b2901cb9f",
        "description": "",
        "submit_link_label": "",
        "header_size": null,
        "restrict_posting": true,
        "restrict_commenting": false,
        "subscribers": 0,
        "submit_text_label": "",
        "is_default_icon": false,
        "link_flair_position": "",
        "display_name_prefixed": "u/Oakianus",
        "key_color": "",
        "name": "t5_es524",
        "is_default_banner": false,
        "url": "/user/Oakianus/",
        "quarantine": false,
        "banner_size": [
            1280,
            384
        ],
        "user_is_moderator": null,
        "accept_followers": true,
        "public_description": "just this guy, y'know?",
        "link_flair_enabled": false,
        "disable_contributor_requests": false,
        "subreddit_type": "user",
        "user_is_subscriber": null
    },
    "snoovatar_size": null,
    "awardee_karma": 0,
    "id": "78sgs",
    "verified": true,
    "is_gold": false,
    "is_mod": false,
    "awarder_karma": 0,
    "has_verified_email": true,
    "icon_img": "https://styles.redditmedia.com/t5_es524/styles/profileIcon_0igab3sskpyf1.png?width=256&amp;height=256&amp;crop=256:256,smart&amp;s=f62a7f3273d1c2ccc182ccc9eff4fe3b2901cb9f",
    "hide_from_robots": false,
    "link_karma": 608,
    "is_blocked": false,
    "total_karma": 16522,
    "pref_show_snoovatar": false,
    "name": "Oakianus",
    "created": 1332476121.0,
    "created_utc": 1332476121.0,
    "snoovatar_img": "",
    "comment_karma": 15914,
    "accept_followers": true,
    "has_subscribed": true
}