{
    "is_employee": false,
    "is_friend": false,
    "subreddit": {
        "default_set": true,
        "user_is_contributor": null,
        "banner_img": "https://styles.redditmedia.com/t5_1szn5j/styles/profileBanner_cybpfwccbmne1.jpeg?width=1280&amp;height=384&amp;crop=1280:384,smart&amp;s=210cdf4f91ad5f13f1ca2b0c7b5196e3fa870558",
        "allowed_media_in_comments": [],
        "user_is_banned": null,
        "free_form_reports": true,
        "community_icon": null,
        "show_media": true,
        "icon_color": "",
        "user_is_muted": null,
        "display_name": "u_obitonye",
        "header_img": null,
        "title": "",
        "previous_names": [],
        "over_18": false,
        "icon_size": [
            256,
            256
        ],
        "primary_color": "",
        "icon_img": "https://styles.redditmedia.com/t5_1szn5j/styles/profileIcon_snoo-nftv2_bmZ0X2VpcDE1NToxMzdfNmFjYjhmYjgyODgwZDM5YzJiODQ0NmY4Nzc4YTE0ZDM0ZWU2Y2ZiN18yMTgxNzk_rare_2e0ee89c-138c-4ba0-8c94-ad1623b25499-headshot.png?width=256&amp;height=256&amp;crop=256:256,smart&amp;s=931f5138ef9f1d1253836ff670449740d888ae24",
        "description": "",
        "submit_link_label": "",
        "header_size": null,
        "restrict_posting": true,
        "restrict_commenting": false,
        "subscribers": 0,
        "submit_text_label": "",
        "is_default_icon": false,
        "link_flair_position": "",
        "display_name_prefixed": "u/obitonye",
        "key_color": "",
        "name": "t5_1szn5j",
        "is_default_banner": false,
        "url": "/user/obitonye/",
        "quarantine": false,
        "banner_size": [
            1280,
            384
        ],
        "user_is_moderator": null,
        "accept_followers": true,
        "public_description": "love dogs and CrossFit ",
        "link_flair_enabled": false,
        "disable_contributor_requests": false,
        "subreddit_type": "user",
        "user_is_subscriber": null
    },
    "snoovatar_size": [
        380,
        600
    ],
    "awardee_karma": 0,
    "id": "dwr54",
    "verified": true,
    "is_gold": false,
    "is_mod": false,
    "awarder_karma": 0,
    "has_verified_email": true,
    "icon_img": "https://styles.redditmedia.com/t5_1szn5j/styles/profileIcon_snoo-nftv2_bmZ0X2VpcDE1NToxMzdfNmFjYjhmYjgyODgwZDM5YzJiODQ0NmY4Nzc4YTE0ZDM0ZWU2Y2ZiN18yMTgxNzk_rare_2e0ee89c-138c-4ba0-8c94-ad1623b25499-headshot.png?width=256&amp;height=256&amp;crop=256:256,smart&amp;s=931f5138ef9f1d1253836ff670449740d888ae24",
    "hide_from_robots": false,
    "link_karma": 1421,
    "is_blocked": false,
    "total_karma": 21202,
    "pref_show_snoovatar": false,
    "name": "obitonye",
    "created": 1384410811.0,
    "created_utc": 1384410811.0,
    "snoovatar_img": "https://i.redd.it/snoovatar/avatars/nftv2_bmZ0X2VpcDE1NToxMzdfNmFjYjhmYjgyODgwZDM5YzJiODQ0NmY4Nzc4YTE0ZDM0ZWU2Y2ZiN18yMTgxNzk_rare_2e0ee89c-138c-4ba0-8c94-ad1623b25499.png",
    "comment_karma": 19781,
    "accept_followers": true,
    "has_subscribed": true
}