{
    "is_employee": false,
    "is_friend": false,
    "subreddit": {
        "default_set": true,
        "user_is_contributor": null,
        "banner_img": "https://styles.redditmedia.com/t5_27hhwg/styles/profileBanner_pl29bzahrlab1.jpg?width=1280&amp;height=384&amp;crop=1280:384,smart&amp;s=ba4254d6d86905d978a01c971e2aae6f493ffe38",
        "allowed_media_in_comments": [],
        "user_is_banned": null,
        "free_form_reports": true,
        "community_icon": null,
        "show_media": true,
        "icon_color": "",
        "user_is_muted": null,
        "display_name": "u_p_yth",
        "header_img": null,
        "title": "p_yth",
        "previous_names": [],
        "over_18": false,
        "icon_size": [
            256,
            256
        ],
        "primary_color": "",
        "icon_img": "https://styles.redditmedia.com/t5_27hhwg/styles/profileIcon_snooda0800c4-6fa8-4aa4-99f4-143f67a8418a-headshot.png?width=256&amp;height=256&amp;crop=256:256,smart&amp;s=f417ce4e47b0d86b85caf0601600c481e96b7c35",
        "description": "",
        "submit_link_label": "",
        "header_size": null,
        "restrict_posting": true,
        "restrict_commenting": false,
        "subscribers": 0,
        "submit_text_label": "",
        "is_default_icon": false,
        "link_flair_position": "",
        "display_name_prefixed": "u/p_yth",
        "key_color": "",
        "name": "t5_27hhwg",
        "is_default_banner": false,
        "url": "/user/p_yth/",
        "quarantine": false,
        "banner_size": [
            1280,
            384
        ],
        "user_is_moderator": null,
        "accept_followers": true,
        "public_description": "",
        "link_flair_enabled": false,
        "disable_contributor_requests": false,
        "subreddit_type": "user",
        "user_is_subscriber": null
    },
    "snoovatar_size": [
        380,
        600
    ],
    "awardee_karma": 0,
    "id": "4wkvf4ic",
    "verified": true,
    "is_gold": false,
    "is_mod": true,
    "awarder_karma": 0,
    "has_verified_email": true,
    "icon_img": "https://styles.redditmedia.com/t5_27hhwg/styles/profileIcon_snooda0800c4-6fa8-4aa4-99f4-143f67a8418a-headshot.png?width=256&amp;height=256&amp;crop=256:256,smart&amp;s=f417ce4e47b0d86b85caf0601600c481e96b7c35",
    "hide_from_robots": false,
    "link_karma": 77541,
    "is_blocked": false,
    "total_karma": 143351,
    "pref_show_snoovatar": false,
    "name": "p_yth",
    "created": 1572388402.0,
    "created_utc": 1572388402.0,
    "snoovatar_img": "https://i.redd.it/snoovatar/avatars/da0800c4-6fa8-4aa4-99f4-143f67a8418a.png",
    "comment_karma": 65810,
    "accept_followers": true,
    "has_subscribed": true
}