{
    "is_employee": false,
    "is_friend": false,
    "subreddit": {
        "default_set": true,
        "user_is_contributor": null,
        "banner_img": "https://styles.redditmedia.com/t5_3thi88/styles/profileBanner_xmw9cl8vsrq81.jpg?width=1280&amp;height=384&amp;crop=1280:384,smart&amp;s=d2aedfa97b411d795d117a1fe1695e30bed2ebeb",
        "allowed_media_in_comments": [],
        "user_is_banned": null,
        "free_form_reports": true,
        "community_icon": null,
        "show_media": true,
        "icon_color": "",
        "user_is_muted": null,
        "display_name": "u_pilot2969",
        "header_img": null,
        "title": "",
        "previous_names": [],
        "over_18": true,
        "icon_size": [
            256,
            256
        ],
        "primary_color": "",
        "icon_img": "https://styles.redditmedia.com/t5_3thi88/styles/profileIcon_snoo-nftv2_bmZ0X2VpcDE1NToxMzdfYzhkM2EzYTgzYmRlNWRhZDA2ZDQzNjY5NGUzZTIyYWMzZTY0ZDU3N18xNDk0NzQ2_rare_0379e000-a910-41f7-b87a-c3b30cb1dd3a-headshot.png?width=256&amp;height=256&amp;crop=256:256,smart&amp;s=84095c5940ddbbe5fd9bfacbb1799723ab1ddcfe",
        "description": "",
        "submit_link_label": "",
        "header_size": null,
        "restrict_posting": true,
        "restrict_commenting": false,
        "subscribers": 0,
        "submit_text_label": "",
        "is_default_icon": false,
        "link_flair_position": "",
        "display_name_prefixed": "u/pilot2969",
        "key_color": "",
        "name": "t5_3thi88",
        "is_default_banner": false,
        "url": "/user/pilot2969/",
        "quarantine": false,
        "banner_size": [
            1280,
            384
        ],
        "user_is_moderator": null,
        "accept_followers": true,
        "public_description": "",
        "link_flair_enabled": false,
        "disable_contributor_requests": false,
        "subreddit_type": "user",
        "user_is_subscriber": null
    },
    "snoovatar_size": [
        380,
        600
    ],
    "awardee_karma": 0,
    "id": "3qtyxw2p",
    "verified": true,
    "is_gold": false,
    "is_mod": false,
    "awarder_karma": 0,
    "has_verified_email": true,
    "icon_img": "https://styles.redditmedia.com/t5_3thi88/styles/profileIcon_snoo-nftv2_bmZ0X2VpcDE1NToxMzdfYzhkM2EzYTgzYmRlNWRhZDA2ZDQzNjY5NGUzZTIyYWMzZTY0ZDU3N18xNDk0NzQ2_rare_0379e000-a910-41f7-b87a-c3b30cb1dd3a-headshot.png?width=256&amp;height=256&amp;crop=256:256,smart&amp;s=84095c5940ddbbe5fd9bfacbb1799723ab1ddcfe",
    "hide_from_robots": false,
    "link_karma": 116,
    "is_blocked": false,
    "total_karma": 18400,
    "pref_show_snoovatar": false,
    "name": "pilot2969",
    "created": 1611844976.0,
    "created_utc": 1611844976.0,
    "snoovatar_img": "https://i.redd.it/snoovatar/avatars/nftv2_bmZ0X2VpcDE1NToxMzdfYzhkM2EzYTgzYmRlNWRhZDA2ZDQzNjY5NGUzZTIyYWMzZTY0ZDU3N18xNDk0NzQ2_rare_0379e000-a910-41f7-b87a-c3b30cb1dd3a.png",
    "comment_karma": 18284,
    "accept_followers": true,
    "has_subscribed": true
}