{
    "is_employee": false,
    "is_friend": false,
    "subreddit": {
        "default_set": false,
        "user_is_contributor": null,
        "banner_img": "https://styles.redditmedia.com/t5_dg11x/styles/profileBanner_5kn7i0jdi5e81.jpg?width=1280&amp;height=384&amp;crop=1280:384,smart&amp;s=9260c3c3fc126921c0e14c3c7d5033f1e0a4fb46",
        "allowed_media_in_comments": [],
        "user_is_banned": null,
        "free_form_reports": true,
        "community_icon": null,
        "show_media": true,
        "icon_color": "",
        "user_is_muted": null,
        "display_name": "u_poeticdisaster",
        "header_img": null,
        "title": "",
        "previous_names": [],
        "over_18": false,
        "icon_size": [
            256,
            256
        ],
        "primary_color": "",
        "icon_img": "https://styles.redditmedia.com/t5_dg11x/styles/profileIcon_snoo0e6b8862-58ec-4f74-95d0-7d5f3f7aaa4f-headshot.png?width=256&amp;height=256&amp;crop=256:256,smart&amp;s=35e76fd15bf702b435090c5a6c22da94cc566d86",
        "description": "",
        "submit_link_label": "",
        "header_size": null,
        "restrict_posting": true,
        "restrict_commenting": false,
        "subscribers": 0,
        "submit_text_label": "",
        "is_default_icon": false,
        "link_flair_position": "",
        "display_name_prefixed": "u/poeticdisaster",
        "key_color": "",
        "name": "t5_dg11x",
        "is_default_banner": false,
        "url": "/user/poeticdisaster/",
        "quarantine": false,
        "banner_size": [
            1280,
            384
        ],
        "user_is_moderator": null,
        "accept_followers": false,
        "public_description": "",
        "link_flair_enabled": false,
        "disable_contributor_requests": false,
        "subreddit_type": "user",
        "user_is_subscriber": null
    },
    "snoovatar_size": [
        380,
        600
    ],
    "awardee_karma": 0,
    "id": "5dhon",
    "verified": true,
    "is_gold": false,
    "is_mod": false,
    "awarder_karma": 0,
    "has_verified_email": true,
    "icon_img": "https://styles.redditmedia.com/t5_dg11x/styles/profileIcon_snoo0e6b8862-58ec-4f74-95d0-7d5f3f7aaa4f-headshot.png?width=256&amp;height=256&amp;crop=256:256,smart&amp;s=35e76fd15bf702b435090c5a6c22da94cc566d86",
    "hide_from_robots": true,
    "link_karma": 11869,
    "is_blocked": false,
    "total_karma": 304590,
    "pref_show_snoovatar": false,
    "name": "poeticdisaster",
    "created": 1308076074.0,
    "created_utc": 1308076074.0,
    "snoovatar_img": "https://i.redd.it/snoovatar/avatars/0e6b8862-58ec-4f74-95d0-7d5f3f7aaa4f.png",
    "comment_karma": 292721,
    "accept_followers": false,
    "has_subscribed": true
}