{
    "is_employee": false,
    "is_friend": false,
    "subreddit": {
        "default_set": true,
        "user_is_contributor": null,
        "banner_img": "",
        "allowed_media_in_comments": [],
        "user_is_banned": null,
        "free_form_reports": true,
        "community_icon": null,
        "show_media": true,
        "icon_color": "",
        "user_is_muted": null,
        "display_name": "u_Prophet_Tehenhauin",
        "header_img": null,
        "title": "",
        "previous_names": [],
        "over_18": false,
        "icon_size": [
            256,
            256
        ],
        "primary_color": "",
        "icon_img": "https://styles.redditmedia.com/t5_6yt1k1/styles/profileIcon_snoo102b1e16-521a-4e44-a311-c44feff20109-headshot.png?width=256&amp;height=256&amp;crop=256:256,smart&amp;s=8c482b2d5666346c4550ea3a038307e8c178115e",
        "description": "",
        "submit_link_label": "",
        "header_size": null,
        "restrict_posting": true,
        "restrict_commenting": false,
        "subscribers": 0,
        "submit_text_label": "",
        "is_default_icon": false,
        "link_flair_position": "",
        "display_name_prefixed": "u/Prophet_Tehenhauin",
        "key_color": "",
        "name": "t5_6yt1k1",
        "is_default_banner": true,
        "url": "/user/Prophet_Tehenhauin/",
        "quarantine": false,
        "banner_size": null,
        "user_is_moderator": null,
        "accept_followers": true,
        "public_description": "Private and weird.\n\n\nPlease leave me alone.",
        "link_flair_enabled": false,
        "disable_contributor_requests": false,
        "subreddit_type": "user",
        "user_is_subscriber": null
    },
    "snoovatar_size": [
        380,
        600
    ],
    "awardee_karma": 0,
    "id": "ffs058vh",
    "verified": true,
    "is_gold": false,
    "is_mod": false,
    "awarder_karma": 0,
    "has_verified_email": true,
    "icon_img": "https://styles.redditmedia.com/t5_6yt1k1/styles/profileIcon_snoo102b1e16-521a-4e44-a311-c44feff20109-headshot.png?width=256&amp;height=256&amp;crop=256:256,smart&amp;s=8c482b2d5666346c4550ea3a038307e8c178115e",
    "hide_from_robots": false,
    "link_karma": 441,
    "is_blocked": false,
    "total_karma": 306240,
    "pref_show_snoovatar": false,
    "name": "Prophet_Tehenhauin",
    "created": 1661965513.0,
    "created_utc": 1661965513.0,
    "snoovatar_img": "https://i.redd.it/snoovatar/avatars/102b1e16-521a-4e44-a311-c44feff20109.png",
    "comment_karma": 305799,
    "accept_followers": true,
    "has_subscribed": true
}