{
    "is_employee": false,
    "is_friend": false,
    "subreddit": {
        "default_set": true,
        "user_is_contributor": null,
        "banner_img": "",
        "allowed_media_in_comments": [],
        "user_is_banned": null,
        "free_form_reports": true,
        "community_icon": null,
        "show_media": true,
        "icon_color": "",
        "user_is_muted": null,
        "display_name": "u_ready_and_willing",
        "header_img": null,
        "title": "",
        "previous_names": [],
        "over_18": false,
        "icon_size": [
            256,
            256
        ],
        "primary_color": "",
        "icon_img": "https://styles.redditmedia.com/t5_efdfq/styles/profileIcon_snoo5c89310a-d76e-4893-a198-e96a9eb80765-headshot.png?width=256&amp;height=256&amp;crop=256:256,smart&amp;s=5649d55a458917038900bcb84f86a1540281ef23",
        "description": "",
        "submit_link_label": "",
        "header_size": null,
        "restrict_posting": true,
        "restrict_commenting": false,
        "subscribers": 0,
        "submit_text_label": "",
        "is_default_icon": false,
        "link_flair_position": "",
        "display_name_prefixed": "u/ready_and_willing",
        "key_color": "",
        "name": "t5_efdfq",
        "is_default_banner": true,
        "url": "/user/ready_and_willing/",
        "quarantine": false,
        "banner_size": null,
        "user_is_moderator": null,
        "accept_followers": true,
        "public_description": "",
        "link_flair_enabled": false,
        "disable_contributor_requests": false,
        "subreddit_type": "user",
        "user_is_subscriber": null
    },
    "snoovatar_size": [
        380,
        600
    ],
    "awardee_karma": 0,
    "id": "ax1e1",
    "verified": true,
    "is_gold": false,
    "is_mod": false,
    "awarder_karma": 0,
    "has_verified_email": true,
    "icon_img": "https://styles.redditmedia.com/t5_efdfq/styles/profileIcon_snoo5c89310a-d76e-4893-a198-e96a9eb80765-headshot.png?width=256&amp;height=256&amp;crop=256:256,smart&amp;s=5649d55a458917038900bcb84f86a1540281ef23",
    "hide_from_robots": false,
    "link_karma": 6635,
    "is_blocked": false,
    "total_karma": 10120,
    "pref_show_snoovatar": false,
    "name": "ready_and_willing",
    "created": 1363103355.0,
    "created_utc": 1363103355.0,
    "snoovatar_img": "https://i.redd.it/snoovatar/avatars/5c89310a-d76e-4893-a198-e96a9eb80765.png",
    "comment_karma": 3485,
    "accept_followers": true,
    "has_subscribed": true
}