{
    "is_employee": false,
    "is_friend": false,
    "subreddit": {
        "default_set": false,
        "user_is_contributor": null,
        "banner_img": "",
        "allowed_media_in_comments": [],
        "user_is_banned": null,
        "free_form_reports": true,
        "community_icon": null,
        "show_media": true,
        "icon_color": "",
        "user_is_muted": null,
        "display_name": "u_ReaderBeeRottweiler",
        "header_img": null,
        "title": "",
        "previous_names": [],
        "over_18": false,
        "icon_size": [
            256,
            256
        ],
        "primary_color": "",
        "icon_img": "https://i.redd.it/snoovatar/avatars/4dedd1fd-1375-4249-9c96-f7f1344d693d-headshot.png",
        "description": "",
        "submit_link_label": "",
        "header_size": null,
        "restrict_posting": true,
        "restrict_commenting": false,
        "subscribers": 0,
        "submit_text_label": "",
        "is_default_icon": false,
        "link_flair_position": "",
        "display_name_prefixed": "u/ReaderBeeRottweiler",
        "key_color": "",
        "name": "t5_b6rnz1",
        "is_default_banner": true,
        "url": "/user/ReaderBeeRottweiler/",
        "quarantine": false,
        "banner_size": null,
        "user_is_moderator": null,
        "accept_followers": false,
        "public_description": "",
        "link_flair_enabled": false,
        "disable_contributor_requests": false,
        "subreddit_type": "user",
        "user_is_subscriber": null
    },
    "snoovatar_size": [
        380,
        600
    ],
    "awardee_karma": 0,
    "id": "x7sfkj2oh",
    "verified": true,
    "is_gold": false,
    "is_mod": false,
    "awarder_karma": 0,
    "has_verified_email": false,
    "icon_img": "https://i.redd.it/snoovatar/avatars/4dedd1fd-1375-4249-9c96-f7f1344d693d-headshot.png",
    "hide_from_robots": true,
    "link_karma": 12649,
    "is_blocked": false,
    "total_karma": 252570,
    "pref_show_snoovatar": false,
    "name": "ReaderBeeRottweiler",
    "created": 1711743141.0,
    "created_utc": 1711743141.0,
    "snoovatar_img": "https://i.redd.it/snoovatar/avatars/4dedd1fd-1375-4249-9c96-f7f1344d693d.png",
    "comment_karma": 239921,
    "accept_followers": false,
    "has_subscribed": true
}