{
    "is_employee": false,
    "is_friend": false,
    "subreddit": {
        "default_set": true,
        "user_is_contributor": null,
        "banner_img": "",
        "allowed_media_in_comments": [],
        "user_is_banned": null,
        "free_form_reports": true,
        "community_icon": null,
        "show_media": true,
        "icon_color": "",
        "user_is_muted": null,
        "display_name": "u_Ream",
        "header_img": null,
        "title": "",
        "previous_names": [],
        "over_18": false,
        "icon_size": [
            256,
            256
        ],
        "primary_color": "",
        "icon_img": "https://styles.redditmedia.com/t5_bklyi/styles/profileIcon_snoo-nftv2_bmZ0X2VpcDE1NToxMzdfNDY2YTMzMDg4N2JkZjYyZDUzZjk2OGVhODI0NzkzMTUwZjA3NzYyZV81NzQxNDM_rare_6ede0f55-72a0-4a52-8150-5ed636b140b6-headshot.png?width=256&amp;height=256&amp;crop=256:256,smart&amp;s=2deada513e00aefe977bb04052adf50fb097f11a",
        "description": "",
        "submit_link_label": "",
        "header_size": null,
        "restrict_posting": true,
        "restrict_commenting": false,
        "subscribers": 0,
        "submit_text_label": "",
        "is_default_icon": false,
        "link_flair_position": "",
        "display_name_prefixed": "u/Ream",
        "key_color": "",
        "name": "t5_bklyi",
        "is_default_banner": true,
        "url": "/user/Ream/",
        "quarantine": false,
        "banner_size": null,
        "user_is_moderator": null,
        "accept_followers": true,
        "public_description": "",
        "link_flair_enabled": false,
        "disable_contributor_requests": false,
        "subreddit_type": "user",
        "user_is_subscriber": null
    },
    "snoovatar_size": [
        380,
        600
    ],
    "awardee_karma": 0,
    "id": "38pn5",
    "verified": true,
    "is_gold": false,
    "is_mod": false,
    "awarder_karma": 0,
    "has_verified_email": true,
    "icon_img": "https://styles.redditmedia.com/t5_bklyi/styles/profileIcon_snoo-nftv2_bmZ0X2VpcDE1NToxMzdfNDY2YTMzMDg4N2JkZjYyZDUzZjk2OGVhODI0NzkzMTUwZjA3NzYyZV81NzQxNDM_rare_6ede0f55-72a0-4a52-8150-5ed636b140b6-headshot.png?width=256&amp;height=256&amp;crop=256:256,smart&amp;s=2deada513e00aefe977bb04052adf50fb097f11a",
    "hide_from_robots": false,
    "link_karma": 255,
    "is_blocked": false,
    "total_karma": 3993,
    "pref_show_snoovatar": false,
    "name": "Ream",
    "created": 1221235840.0,
    "created_utc": 1221235840.0,
    "snoovatar_img": "https://i.redd.it/snoovatar/avatars/nftv2_bmZ0X2VpcDE1NToxMzdfNDY2YTMzMDg4N2JkZjYyZDUzZjk2OGVhODI0NzkzMTUwZjA3NzYyZV81NzQxNDM_rare_6ede0f55-72a0-4a52-8150-5ed636b140b6.png",
    "comment_karma": 3738,
    "accept_followers": true,
    "has_subscribed": true
}