{
    "is_employee": false,
    "is_friend": false,
    "subreddit": {
        "default_set": false,
        "user_is_contributor": null,
        "banner_img": "https://styles.redditmedia.com/t5_q07pi/styles/profileBanner_yist2hlveqrd1.jpeg?width=1280&amp;height=384&amp;crop=1280:384,smart&amp;s=9b0acc61042375d2dea71de3a44baf1e244a44a6",
        "allowed_media_in_comments": [],
        "user_is_banned": null,
        "free_form_reports": true,
        "community_icon": null,
        "show_media": true,
        "icon_color": "",
        "user_is_muted": null,
        "display_name": "u_ROACHOR",
        "header_img": null,
        "title": "",
        "previous_names": [],
        "over_18": false,
        "icon_size": [
            256,
            256
        ],
        "primary_color": "",
        "icon_img": "https://styles.redditmedia.com/t5_q07pi/styles/profileIcon_duprx5ahzgfc1.jpeg?width=256&amp;height=256&amp;crop=256:256,smart&amp;s=0dd3c777931d354b563358e3d22faf2eaead7eb6",
        "description": "",
        "submit_link_label": "",
        "header_size": null,
        "restrict_posting": true,
        "restrict_commenting": false,
        "subscribers": 0,
        "submit_text_label": "",
        "is_default_icon": false,
        "link_flair_position": "",
        "display_name_prefixed": "u/ROACHOR",
        "key_color": "",
        "name": "t5_q07pi",
        "is_default_banner": false,
        "url": "/user/ROACHOR/",
        "quarantine": false,
        "banner_size": [
            1280,
            384
        ],
        "user_is_moderator": null,
        "accept_followers": true,
        "public_description": "",
        "link_flair_enabled": false,
        "disable_contributor_requests": false,
        "subreddit_type": "user",
        "user_is_subscriber": null
    },
    "snoovatar_size": null,
    "awardee_karma": 0,
    "id": "2fg41rk6",
    "verified": true,
    "is_gold": false,
    "is_mod": false,
    "awarder_karma": 0,
    "has_verified_email": true,
    "icon_img": "https://styles.redditmedia.com/t5_q07pi/styles/profileIcon_duprx5ahzgfc1.jpeg?width=256&amp;height=256&amp;crop=256:256,smart&amp;s=0dd3c777931d354b563358e3d22faf2eaead7eb6",
    "hide_from_robots": true,
    "link_karma": 7664,
    "is_blocked": false,
    "total_karma": 165887,
    "pref_show_snoovatar": false,
    "name": "ROACHOR",
    "created": 1539790075.0,
    "created_utc": 1539790075.0,
    "snoovatar_img": "",
    "comment_karma": 158223,
    "accept_followers": true,
    "has_subscribed": true
}