{
    "is_employee": false,
    "is_friend": false,
    "subreddit": {
        "default_set": true,
        "user_is_contributor": null,
        "banner_img": "",
        "allowed_media_in_comments": [],
        "user_is_banned": null,
        "free_form_reports": true,
        "community_icon": null,
        "show_media": true,
        "icon_color": "",
        "user_is_muted": null,
        "display_name": "u_robhanz",
        "header_img": null,
        "title": "",
        "previous_names": [],
        "over_18": false,
        "icon_size": [
            256,
            256
        ],
        "primary_color": "",
        "icon_img": "https://styles.redditmedia.com/t5_93bo4/styles/profileIcon_snooc1984801-84a9-4b52-9e43-2b145335ee7f-headshot.png?width=256&amp;height=256&amp;crop=256:256,smart&amp;s=f934a055f3e7839c4d15215e7f242b950438d116",
        "description": "",
        "submit_link_label": "",
        "header_size": null,
        "restrict_posting": true,
        "restrict_commenting": false,
        "subscribers": 0,
        "submit_text_label": "",
        "is_default_icon": false,
        "link_flair_position": "",
        "display_name_prefixed": "u/robhanz",
        "key_color": "",
        "name": "t5_93bo4",
        "is_default_banner": true,
        "url": "/user/robhanz/",
        "quarantine": false,
        "banner_size": null,
        "user_is_moderator": null,
        "accept_followers": true,
        "public_description": "",
        "link_flair_enabled": false,
        "disable_contributor_requests": false,
        "subreddit_type": "user",
        "user_is_subscriber": null
    },
    "snoovatar_size": [
        380,
        600
    ],
    "awardee_karma": 0,
    "id": "17foon",
    "verified": true,
    "is_gold": true,
    "is_mod": false,
    "awarder_karma": 0,
    "has_verified_email": true,
    "icon_img": "https://styles.redditmedia.com/t5_93bo4/styles/profileIcon_snooc1984801-84a9-4b52-9e43-2b145335ee7f-headshot.png?width=256&amp;height=256&amp;crop=256:256,smart&amp;s=f934a055f3e7839c4d15215e7f242b950438d116",
    "hide_from_robots": false,
    "link_karma": 1502,
    "is_blocked": false,
    "total_karma": 90132,
    "pref_show_snoovatar": false,
    "name": "robhanz",
    "created": 1493238210.0,
    "created_utc": 1493238210.0,
    "snoovatar_img": "https://i.redd.it/snoovatar/avatars/c1984801-84a9-4b52-9e43-2b145335ee7f.png",
    "comment_karma": 88630,
    "accept_followers": true,
    "has_subscribed": true
}