{
    "is_employee": false,
    "is_friend": false,
    "subreddit": {
        "default_set": true,
        "user_is_contributor": null,
        "banner_img": "https://styles.redditmedia.com/t5_3p3i5/styles/profileBanner_64kwpma9clwb1.jpg?width=1280&amp;height=384&amp;crop=1280:384,smart&amp;s=a18f3b678aa7bf2330cb75951e755ed71c7f114f",
        "allowed_media_in_comments": [],
        "user_is_banned": null,
        "free_form_reports": true,
        "community_icon": null,
        "show_media": true,
        "icon_color": "",
        "user_is_muted": null,
        "display_name": "u_rsmtirish",
        "header_img": null,
        "title": "RSMTirish",
        "previous_names": [],
        "over_18": true,
        "icon_size": [
            256,
            256
        ],
        "primary_color": "",
        "icon_img": "https://i.redd.it/snoovatar/avatars/5f732f8b-ea12-4169-a179-168a478e3283-headshot.png",
        "description": "",
        "submit_link_label": "",
        "header_size": null,
        "restrict_posting": true,
        "restrict_commenting": false,
        "subscribers": 0,
        "submit_text_label": "",
        "is_default_icon": false,
        "link_flair_position": "",
        "display_name_prefixed": "u/rsmtirish",
        "key_color": "",
        "name": "t5_3p3i5",
        "is_default_banner": false,
        "url": "/user/rsmtirish/",
        "quarantine": false,
        "banner_size": [
            1280,
            384
        ],
        "user_is_moderator": null,
        "accept_followers": true,
        "public_description": "I wipe my profile history pretty often",
        "link_flair_enabled": false,
        "disable_contributor_requests": false,
        "subreddit_type": "user",
        "user_is_subscriber": null
    },
    "snoovatar_size": [
        380,
        600
    ],
    "awardee_karma": 0,
    "id": "u4qv7",
    "verified": true,
    "is_gold": false,
    "is_mod": true,
    "awarder_karma": 0,
    "has_verified_email": true,
    "icon_img": "https://i.redd.it/snoovatar/avatars/5f732f8b-ea12-4169-a179-168a478e3283-headshot.png",
    "hide_from_robots": true,
    "link_karma": 87254,
    "is_blocked": false,
    "total_karma": 196516,
    "pref_show_snoovatar": false,
    "name": "rsmtirish",
    "created": 1453819744.0,
    "created_utc": 1453819744.0,
    "snoovatar_img": "https://i.redd.it/snoovatar/avatars/5f732f8b-ea12-4169-a179-168a478e3283.png",
    "comment_karma": 109262,
    "accept_followers": true,
    "has_subscribed": true
}