{
    "is_employee": false,
    "is_friend": false,
    "subreddit": {
        "default_set": true,
        "user_is_contributor": null,
        "banner_img": "",
        "allowed_media_in_comments": [],
        "user_is_banned": null,
        "free_form_reports": true,
        "community_icon": null,
        "show_media": true,
        "icon_color": "",
        "user_is_muted": null,
        "display_name": "u_schlab",
        "header_img": null,
        "title": "",
        "previous_names": [],
        "over_18": true,
        "icon_size": [
            256,
            256
        ],
        "primary_color": "",
        "icon_img": "https://styles.redditmedia.com/t5_b0rbr/styles/profileIcon_snood340cf0f-8f4e-4b7e-b7f9-169e91f090c7-headshot-f.png?width=256&amp;height=256&amp;crop=256:256,smart&amp;s=019fdf00d42fd8dc4896149db2836939ed348de0",
        "description": "",
        "submit_link_label": "",
        "header_size": null,
        "restrict_posting": true,
        "restrict_commenting": false,
        "subscribers": 0,
        "submit_text_label": "",
        "is_default_icon": false,
        "link_flair_position": "",
        "display_name_prefixed": "u/schlab",
        "key_color": "",
        "name": "t5_b0rbr",
        "is_default_banner": true,
        "url": "/user/schlab/",
        "quarantine": false,
        "banner_size": null,
        "user_is_moderator": null,
        "accept_followers": true,
        "public_description": "",
        "link_flair_enabled": false,
        "disable_contributor_requests": false,
        "subreddit_type": "user",
        "user_is_subscriber": null
    },
    "snoovatar_size": [
        380,
        600
    ],
    "awardee_karma": 0,
    "id": "dd5h0",
    "verified": true,
    "is_gold": false,
    "is_mod": false,
    "awarder_karma": 0,
    "has_verified_email": true,
    "icon_img": "https://styles.redditmedia.com/t5_b0rbr/styles/profileIcon_snood340cf0f-8f4e-4b7e-b7f9-169e91f090c7-headshot-f.png?width=256&amp;height=256&amp;crop=256:256,smart&amp;s=019fdf00d42fd8dc4896149db2836939ed348de0",
    "hide_from_robots": false,
    "link_karma": 37761,
    "is_blocked": false,
    "total_karma": 66205,
    "pref_show_snoovatar": false,
    "name": "schlab",
    "created": 1380760352.0,
    "created_utc": 1380760352.0,
    "snoovatar_img": "https://i.redd.it/snoovatar/avatars/d340cf0f-8f4e-4b7e-b7f9-169e91f090c7.png",
    "comment_karma": 28444,
    "accept_followers": true,
    "has_subscribed": true
}