{
    "is_employee": false,
    "is_friend": false,
    "subreddit": {
        "default_set": true,
        "user_is_contributor": null,
        "banner_img": "",
        "allowed_media_in_comments": [],
        "user_is_banned": null,
        "free_form_reports": true,
        "community_icon": null,
        "show_media": true,
        "icon_color": "",
        "user_is_muted": null,
        "display_name": "u_Scribblyr",
        "header_img": null,
        "title": "",
        "previous_names": [],
        "over_18": false,
        "icon_size": [
            256,
            256
        ],
        "primary_color": "",
        "icon_img": "https://styles.redditmedia.com/t5_8kju83/styles/profileIcon_snoof74a7e37-c3dd-42e8-a31d-820445d66f50-headshot.png?width=256&amp;height=256&amp;crop=256:256,smart&amp;s=c95afee7e19de5a1a199ec42bf2f8bdd768827bc",
        "description": "",
        "submit_link_label": "",
        "header_size": null,
        "restrict_posting": true,
        "restrict_commenting": false,
        "subscribers": 0,
        "submit_text_label": "",
        "is_default_icon": false,
        "link_flair_position": "",
        "display_name_prefixed": "u/Scribblyr",
        "key_color": "",
        "name": "t5_8kju83",
        "is_default_banner": true,
        "url": "/user/Scribblyr/",
        "quarantine": false,
        "banner_size": null,
        "user_is_moderator": null,
        "accept_followers": true,
        "public_description": "",
        "link_flair_enabled": false,
        "disable_contributor_requests": false,
        "subreddit_type": "user",
        "user_is_subscriber": null
    },
    "snoovatar_size": [
        380,
        600
    ],
    "awardee_karma": 0,
    "id": "d52npozsa",
    "verified": true,
    "is_gold": false,
    "is_mod": false,
    "awarder_karma": 0,
    "has_verified_email": true,
    "icon_img": "https://styles.redditmedia.com/t5_8kju83/styles/profileIcon_snoof74a7e37-c3dd-42e8-a31d-820445d66f50-headshot.png?width=256&amp;height=256&amp;crop=256:256,smart&amp;s=c95afee7e19de5a1a199ec42bf2f8bdd768827bc",
    "hide_from_robots": false,
    "link_karma": 17710,
    "is_blocked": false,
    "total_karma": 42020,
    "pref_show_snoovatar": false,
    "name": "Scribblyr",
    "created": 1686425298.0,
    "created_utc": 1686425298.0,
    "snoovatar_img": "https://i.redd.it/snoovatar/avatars/f74a7e37-c3dd-42e8-a31d-820445d66f50.png",
    "comment_karma": 24310,
    "accept_followers": true,
    "has_subscribed": true
}