{
    "is_employee": false,
    "is_friend": false,
    "subreddit": {
        "default_set": true,
        "user_is_contributor": null,
        "banner_img": "",
        "allowed_media_in_comments": [],
        "user_is_banned": null,
        "free_form_reports": true,
        "community_icon": null,
        "show_media": true,
        "icon_color": "",
        "user_is_muted": null,
        "display_name": "u_ShortyRedux",
        "header_img": null,
        "title": "",
        "previous_names": [],
        "over_18": false,
        "icon_size": [
            256,
            256
        ],
        "primary_color": "",
        "icon_img": "https://styles.redditmedia.com/t5_79iepr/styles/profileIcon_snoo66b2dd3d-c633-4b2a-9186-cfde5cf83589-headshot.png?width=256&amp;height=256&amp;crop=256:256,smart&amp;s=964c935e428f9a2ea61d23ad9c956a24de87062d",
        "description": "",
        "submit_link_label": "",
        "header_size": null,
        "restrict_posting": true,
        "restrict_commenting": false,
        "subscribers": 0,
        "submit_text_label": "",
        "is_default_icon": false,
        "link_flair_position": "",
        "display_name_prefixed": "u/ShortyRedux",
        "key_color": "",
        "name": "t5_79iepr",
        "is_default_banner": true,
        "url": "/user/ShortyRedux/",
        "quarantine": false,
        "banner_size": null,
        "user_is_moderator": null,
        "accept_followers": true,
        "public_description": "",
        "link_flair_enabled": false,
        "disable_contributor_requests": false,
        "subreddit_type": "user",
        "user_is_subscriber": null
    },
    "snoovatar_size": [
        380,
        600
    ],
    "awardee_karma": 0,
    "id": "gcgyjd91",
    "verified": true,
    "is_gold": false,
    "is_mod": false,
    "awarder_karma": 0,
    "has_verified_email": true,
    "icon_img": "https://styles.redditmedia.com/t5_79iepr/styles/profileIcon_snoo66b2dd3d-c633-4b2a-9186-cfde5cf83589-headshot.png?width=256&amp;height=256&amp;crop=256:256,smart&amp;s=964c935e428f9a2ea61d23ad9c956a24de87062d",
    "hide_from_robots": false,
    "link_karma": 39,
    "is_blocked": false,
    "total_karma": 14410,
    "pref_show_snoovatar": false,
    "name": "ShortyRedux",
    "created": 1666710136.0,
    "created_utc": 1666710136.0,
    "snoovatar_img": "https://i.redd.it/snoovatar/avatars/66b2dd3d-c633-4b2a-9186-cfde5cf83589.png",
    "comment_karma": 14371,
    "accept_followers": true,
    "has_subscribed": true
}