{
    "is_employee": false,
    "is_friend": false,
    "subreddit": {
        "default_set": true,
        "user_is_contributor": null,
        "banner_img": "",
        "allowed_media_in_comments": [],
        "user_is_banned": null,
        "free_form_reports": true,
        "community_icon": null,
        "show_media": true,
        "icon_color": "",
        "user_is_muted": null,
        "display_name": "u_SignalDifficult5061",
        "header_img": null,
        "title": "",
        "previous_names": [],
        "over_18": false,
        "icon_size": [
            256,
            256
        ],
        "primary_color": "",
        "icon_img": "https://styles.redditmedia.com/t5_79kj17/styles/profileIcon_snoo84c6bcfb-b5aa-4110-8805-34d1ac8ae373-headshot.png?width=256&amp;height=256&amp;crop=256:256,smart&amp;s=29e4be6a4c7a51143cb6457be0c74d41460b5100",
        "description": "",
        "submit_link_label": "",
        "header_size": null,
        "restrict_posting": true,
        "restrict_commenting": false,
        "subscribers": 0,
        "submit_text_label": "",
        "is_default_icon": false,
        "link_flair_position": "",
        "display_name_prefixed": "u/SignalDifficult5061",
        "key_color": "",
        "name": "t5_79kj17",
        "is_default_banner": true,
        "url": "/user/SignalDifficult5061/",
        "quarantine": false,
        "banner_size": null,
        "user_is_moderator": null,
        "accept_followers": true,
        "public_description": "",
        "link_flair_enabled": false,
        "disable_contributor_requests": false,
        "subreddit_type": "user",
        "user_is_subscriber": null
    },
    "snoovatar_size": [
        380,
        600
    ],
    "awardee_karma": 0,
    "id": "erne13wo",
    "verified": true,
    "is_gold": false,
    "is_mod": false,
    "awarder_karma": 0,
    "has_verified_email": true,
    "icon_img": "https://styles.redditmedia.com/t5_79kj17/styles/profileIcon_snoo84c6bcfb-b5aa-4110-8805-34d1ac8ae373-headshot.png?width=256&amp;height=256&amp;crop=256:256,smart&amp;s=29e4be6a4c7a51143cb6457be0c74d41460b5100",
    "hide_from_robots": true,
    "link_karma": 36,
    "is_blocked": false,
    "total_karma": 5887,
    "pref_show_snoovatar": false,
    "name": "SignalDifficult5061",
    "created": 1666730097.0,
    "created_utc": 1666730097.0,
    "snoovatar_img": "https://i.redd.it/snoovatar/avatars/84c6bcfb-b5aa-4110-8805-34d1ac8ae373.png",
    "comment_karma": 5851,
    "accept_followers": true,
    "has_subscribed": true
}