{
    "is_employee": false,
    "is_friend": false,
    "subreddit": {
        "default_set": true,
        "user_is_contributor": null,
        "banner_img": "",
        "allowed_media_in_comments": [],
        "user_is_banned": null,
        "free_form_reports": true,
        "community_icon": null,
        "show_media": true,
        "icon_color": "",
        "user_is_muted": null,
        "display_name": "u_Spicy_Pancake1",
        "header_img": null,
        "title": "",
        "previous_names": [],
        "over_18": false,
        "icon_size": [
            256,
            256
        ],
        "primary_color": "",
        "icon_img": "https://i.redd.it/snoovatar/avatars/78376ad2-95c5-4662-9e1b-703a3744b7df-headshot.png",
        "description": "",
        "submit_link_label": "",
        "header_size": null,
        "restrict_posting": true,
        "restrict_commenting": false,
        "subscribers": 0,
        "submit_text_label": "",
        "is_default_icon": false,
        "link_flair_position": "",
        "display_name_prefixed": "u/Spicy_Pancake1",
        "key_color": "",
        "name": "t5_dw1uf5",
        "is_default_banner": true,
        "url": "/user/Spicy_Pancake1/",
        "quarantine": false,
        "banner_size": null,
        "user_is_moderator": null,
        "accept_followers": true,
        "public_description": "New account. Old account was harleybarley1013",
        "link_flair_enabled": false,
        "disable_contributor_requests": false,
        "subreddit_type": "user",
        "user_is_subscriber": null
    },
    "snoovatar_size": [
        380,
        600
    ],
    "awardee_karma": 0,
    "id": "1l3z2fx1h5",
    "verified": true,
    "is_gold": false,
    "is_mod": false,
    "awarder_karma": 0,
    "has_verified_email": true,
    "icon_img": "https://i.redd.it/snoovatar/avatars/78376ad2-95c5-4662-9e1b-703a3744b7df-headshot.png",
    "hide_from_robots": false,
    "link_karma": 1,
    "is_blocked": false,
    "total_karma": 156139,
    "pref_show_snoovatar": false,
    "name": "Spicy_Pancake1",
    "created": 1741877068.0,
    "created_utc": 1741877068.0,
    "snoovatar_img": "https://i.redd.it/snoovatar/avatars/78376ad2-95c5-4662-9e1b-703a3744b7df.png",
    "comment_karma": 156138,
    "accept_followers": true,
    "has_subscribed": true
}