{
    "is_employee": false,
    "is_friend": false,
    "subreddit": {
        "default_set": false,
        "user_is_contributor": null,
        "banner_img": "",
        "allowed_media_in_comments": [],
        "user_is_banned": null,
        "free_form_reports": true,
        "community_icon": null,
        "show_media": true,
        "icon_color": "",
        "user_is_muted": null,
        "display_name": "u_Stevey1001",
        "header_img": null,
        "title": "Steve Wilson",
        "previous_names": [],
        "over_18": true,
        "icon_size": [
            256,
            256
        ],
        "primary_color": "",
        "icon_img": "https://styles.redditmedia.com/t5_nivyk/styles/profileIcon_snoob847622d-b764-49f1-971f-0929c1a75f9a-headshot-f.png?width=256&amp;height=256&amp;crop=256:256,smart&amp;s=8da5c38c7a8ee6b9d58369752d03cd35978f7514",
        "description": "",
        "submit_link_label": "",
        "header_size": null,
        "restrict_posting": true,
        "restrict_commenting": false,
        "subscribers": 0,
        "submit_text_label": "",
        "is_default_icon": false,
        "link_flair_position": "",
        "display_name_prefixed": "u/Stevey1001",
        "key_color": "",
        "name": "t5_nivyk",
        "is_default_banner": true,
        "url": "/user/Stevey1001/",
        "quarantine": false,
        "banner_size": null,
        "user_is_moderator": null,
        "accept_followers": true,
        "public_description": "Singer/songwriter \nSeahawks fan and Ice hockey enthusiast",
        "link_flair_enabled": false,
        "disable_contributor_requests": false,
        "subreddit_type": "user",
        "user_is_subscriber": null
    },
    "snoovatar_size": [
        380,
        600
    ],
    "awardee_karma": 0,
    "id": "10a64ccw",
    "verified": true,
    "is_gold": false,
    "is_mod": false,
    "awarder_karma": 0,
    "has_verified_email": true,
    "icon_img": "https://styles.redditmedia.com/t5_nivyk/styles/profileIcon_snoob847622d-b764-49f1-971f-0929c1a75f9a-headshot-f.png?width=256&amp;height=256&amp;crop=256:256,smart&amp;s=8da5c38c7a8ee6b9d58369752d03cd35978f7514",
    "hide_from_robots": false,
    "link_karma": 50458,
    "is_blocked": false,
    "total_karma": 298050,
    "pref_show_snoovatar": false,
    "name": "Stevey1001",
    "created": 1534888317.0,
    "created_utc": 1534888317.0,
    "snoovatar_img": "https://i.redd.it/snoovatar/avatars/b847622d-b764-49f1-971f-0929c1a75f9a.png",
    "comment_karma": 247592,
    "accept_followers": true,
    "has_subscribed": true
}