{
    "is_employee": false,
    "is_friend": false,
    "subreddit": {
        "default_set": true,
        "user_is_contributor": null,
        "banner_img": "",
        "allowed_media_in_comments": [],
        "user_is_banned": null,
        "free_form_reports": true,
        "community_icon": null,
        "show_media": true,
        "icon_color": "",
        "user_is_muted": null,
        "display_name": "u_SunWukong3456",
        "header_img": null,
        "title": "",
        "previous_names": [],
        "over_18": false,
        "icon_size": [
            256,
            256
        ],
        "primary_color": "",
        "icon_img": "https://styles.redditmedia.com/t5_3aedn9/styles/profileIcon_snoo79efa874-a04c-408b-a7ae-8e45492ef948-headshot-f.png?width=256&amp;height=256&amp;crop=256:256,smart&amp;s=08863d0d53ac74d257641cc678ed4173b5782533",
        "description": "",
        "submit_link_label": "",
        "header_size": null,
        "restrict_posting": true,
        "restrict_commenting": false,
        "subscribers": 0,
        "submit_text_label": "",
        "is_default_icon": false,
        "link_flair_position": "",
        "display_name_prefixed": "u/SunWukong3456",
        "key_color": "",
        "name": "t5_3aedn9",
        "is_default_banner": true,
        "url": "/user/SunWukong3456/",
        "quarantine": false,
        "banner_size": null,
        "user_is_moderator": null,
        "accept_followers": true,
        "public_description": "",
        "link_flair_enabled": false,
        "disable_contributor_requests": false,
        "subreddit_type": "user",
        "user_is_subscriber": null
    },
    "snoovatar_size": [
        380,
        600
    ],
    "awardee_karma": 0,
    "id": "8kgw42f4",
    "verified": true,
    "is_gold": false,
    "is_mod": false,
    "awarder_karma": 0,
    "has_verified_email": true,
    "icon_img": "https://styles.redditmedia.com/t5_3aedn9/styles/profileIcon_snoo79efa874-a04c-408b-a7ae-8e45492ef948-headshot-f.png?width=256&amp;height=256&amp;crop=256:256,smart&amp;s=08863d0d53ac74d257641cc678ed4173b5782533",
    "hide_from_robots": false,
    "link_karma": 576607,
    "is_blocked": false,
    "total_karma": 667195,
    "pref_show_snoovatar": false,
    "name": "SunWukong3456",
    "created": 1603279641.0,
    "created_utc": 1603279641.0,
    "snoovatar_img": "https://i.redd.it/snoovatar/avatars/79efa874-a04c-408b-a7ae-8e45492ef948.png",
    "comment_karma": 90588,
    "accept_followers": true,
    "has_subscribed": true
}