{
    "is_employee": false,
    "is_friend": false,
    "subreddit": {
        "default_set": false,
        "user_is_contributor": null,
        "banner_img": "",
        "allowed_media_in_comments": [],
        "user_is_banned": null,
        "free_form_reports": true,
        "community_icon": null,
        "show_media": true,
        "icon_color": "",
        "user_is_muted": null,
        "display_name": "u_TestingTehWaters",
        "header_img": null,
        "title": "",
        "previous_names": [],
        "over_18": false,
        "icon_size": [
            256,
            256
        ],
        "primary_color": "",
        "icon_img": "https://styles.redditmedia.com/t5_6o757j/styles/profileIcon_snooca205b12-2de5-4e53-9288-ce3209451dd1-headshot.png?width=256&amp;height=256&amp;crop=256:256,smart&amp;s=546a4717427e1affa3ffa536d8cab2dc1ca6c99f",
        "description": "",
        "submit_link_label": "",
        "header_size": null,
        "restrict_posting": true,
        "restrict_commenting": false,
        "subscribers": 0,
        "submit_text_label": "",
        "is_default_icon": false,
        "link_flair_position": "",
        "display_name_prefixed": "u/TestingTehWaters",
        "key_color": "",
        "name": "t5_6o757j",
        "is_default_banner": true,
        "url": "/user/TestingTehWaters/",
        "quarantine": false,
        "banner_size": null,
        "user_is_moderator": null,
        "accept_followers": false,
        "public_description": "",
        "link_flair_enabled": false,
        "disable_contributor_requests": false,
        "subreddit_type": "user",
        "user_is_subscriber": null
    },
    "snoovatar_size": [
        380,
        600
    ],
    "awardee_karma": 0,
    "id": "prg74ytg",
    "verified": true,
    "is_gold": false,
    "is_mod": false,
    "awarder_karma": 0,
    "has_verified_email": false,
    "icon_img": "https://styles.redditmedia.com/t5_6o757j/styles/profileIcon_snooca205b12-2de5-4e53-9288-ce3209451dd1-headshot.png?width=256&amp;height=256&amp;crop=256:256,smart&amp;s=546a4717427e1affa3ffa536d8cab2dc1ca6c99f",
    "hide_from_robots": true,
    "link_karma": 509,
    "is_blocked": false,
    "total_karma": 11287,
    "pref_show_snoovatar": false,
    "name": "TestingTehWaters",
    "created": 1657324036.0,
    "created_utc": 1657324036.0,
    "snoovatar_img": "https://i.redd.it/snoovatar/avatars/ca205b12-2de5-4e53-9288-ce3209451dd1.png",
    "comment_karma": 10778,
    "accept_followers": false,
    "has_subscribed": true
}