{
    "is_employee": false,
    "is_friend": false,
    "subreddit": {
        "default_set": false,
        "user_is_contributor": null,
        "banner_img": "",
        "allowed_media_in_comments": [],
        "user_is_banned": null,
        "free_form_reports": true,
        "community_icon": null,
        "show_media": true,
        "icon_color": "",
        "user_is_muted": null,
        "display_name": "u_Theferael_me",
        "header_img": null,
        "title": "",
        "previous_names": [],
        "over_18": false,
        "icon_size": [
            256,
            256
        ],
        "primary_color": "",
        "icon_img": "https://styles.redditmedia.com/t5_4ryavw/styles/profileIcon_xapp6w2jl1c71.jpg?width=256&amp;height=256&amp;crop=256:256,smart&amp;s=a41c69f2a20f0f2aaaaf308f5998c08eec4d9565",
        "description": "",
        "submit_link_label": "",
        "header_size": null,
        "restrict_posting": true,
        "restrict_commenting": false,
        "subscribers": 0,
        "submit_text_label": "",
        "is_default_icon": false,
        "link_flair_position": "",
        "display_name_prefixed": "u/Theferael_me",
        "key_color": "",
        "name": "t5_4ryavw",
        "is_default_banner": true,
        "url": "/user/Theferael_me/",
        "quarantine": false,
        "banner_size": null,
        "user_is_moderator": null,
        "accept_followers": false,
        "public_description": "",
        "link_flair_enabled": false,
        "disable_contributor_requests": false,
        "subreddit_type": "user",
        "user_is_subscriber": null
    },
    "snoovatar_size": null,
    "awardee_karma": 0,
    "id": "ddtk9t8c",
    "verified": true,
    "is_gold": false,
    "is_mod": false,
    "awarder_karma": 0,
    "has_verified_email": true,
    "icon_img": "https://styles.redditmedia.com/t5_4ryavw/styles/profileIcon_xapp6w2jl1c71.jpg?width=256&amp;height=256&amp;crop=256:256,smart&amp;s=a41c69f2a20f0f2aaaaf308f5998c08eec4d9565",
    "hide_from_robots": false,
    "link_karma": 85095,
    "is_blocked": false,
    "total_karma": 337840,
    "pref_show_snoovatar": false,
    "name": "Theferael_me",
    "created": 1626645037.0,
    "created_utc": 1626645037.0,
    "snoovatar_img": "",
    "comment_karma": 252745,
    "accept_followers": false,
    "has_subscribed": true
}