{
    "is_employee": false,
    "is_friend": false,
    "subreddit": {
        "default_set": false,
        "user_is_contributor": null,
        "banner_img": "https://styles.redditmedia.com/t5_1bdum4/styles/profileBanner_crkg8qw0n06g1.jpeg?width=1280&amp;height=384&amp;crop=1280:384,smart&amp;s=8bf0bb95b55e2f1e4e3753e1c89b67b8eb266983",
        "allowed_media_in_comments": [],
        "user_is_banned": null,
        "free_form_reports": true,
        "community_icon": null,
        "show_media": true,
        "icon_color": "",
        "user_is_muted": null,
        "display_name": "u_TheRealBeachBum",
        "header_img": null,
        "title": "Beach Bum",
        "previous_names": [],
        "over_18": false,
        "icon_size": [
            256,
            256
        ],
        "primary_color": "",
        "icon_img": "https://i.redd.it/snoovatar/avatars/650c5682-d033-46c0-aa4d-06ecb5a10b24-headshot.png",
        "description": "",
        "submit_link_label": "",
        "header_size": null,
        "restrict_posting": true,
        "restrict_commenting": false,
        "subscribers": 0,
        "submit_text_label": "",
        "is_default_icon": false,
        "link_flair_position": "",
        "display_name_prefixed": "u/TheRealBeachBum",
        "key_color": "",
        "name": "t5_1bdum4",
        "is_default_banner": false,
        "url": "/user/TheRealBeachBum/",
        "quarantine": false,
        "banner_size": [
            1280,
            384
        ],
        "user_is_moderator": null,
        "accept_followers": false,
        "public_description": "No apology cuz I'm white. USA was founded by white ppl. Common practice for countries to use slaves to build. Wont apologize for my ancestors.",
        "link_flair_enabled": false,
        "disable_contributor_requests": false,
        "subreddit_type": "user",
        "user_is_subscriber": null
    },
    "snoovatar_size": [
        380,
        600
    ],
    "awardee_karma": 0,
    "id": "113jdv",
    "verified": true,
    "is_gold": false,
    "is_mod": false,
    "awarder_karma": 0,
    "has_verified_email": true,
    "icon_img": "https://i.redd.it/snoovatar/avatars/650c5682-d033-46c0-aa4d-06ecb5a10b24-headshot.png",
    "hide_from_robots": true,
    "link_karma": 320,
    "is_blocked": false,
    "total_karma": 2438,
    "pref_show_snoovatar": false,
    "name": "TheRealBeachBum",
    "created": 1472759584.0,
    "created_utc": 1472759584.0,
    "snoovatar_img": "https://i.redd.it/snoovatar/avatars/650c5682-d033-46c0-aa4d-06ecb5a10b24.png",
    "comment_karma": 2118,
    "accept_followers": false,
    "has_subscribed": true
}