{
    "is_employee": false,
    "is_friend": false,
    "subreddit": {
        "default_set": true,
        "user_is_contributor": null,
        "banner_img": "",
        "allowed_media_in_comments": [],
        "user_is_banned": null,
        "free_form_reports": true,
        "community_icon": null,
        "show_media": true,
        "icon_color": "",
        "user_is_muted": null,
        "display_name": "u_theSeanage",
        "header_img": null,
        "title": "",
        "previous_names": [],
        "over_18": true,
        "icon_size": [
            256,
            256
        ],
        "primary_color": "",
        "icon_img": "https://styles.redditmedia.com/t5_x98af/styles/profileIcon_snoo-nftv2_bmZ0X2VpcDE1NToxMzdfNDY2YTMzMDg4N2JkZjYyZDUzZjk2OGVhODI0NzkzMTUwZjA3NzYyZV84NzAxNg_rare_853f491a-9ae4-418f-8354-e8fa03a68426-headshot.png?width=256&amp;height=256&amp;crop=256:256,smart&amp;s=e0e08949bad2be577d8b242d1444579fb6ff0002",
        "description": "",
        "submit_link_label": "",
        "header_size": null,
        "restrict_posting": true,
        "restrict_commenting": false,
        "subscribers": 0,
        "submit_text_label": "",
        "is_default_icon": false,
        "link_flair_position": "",
        "display_name_prefixed": "u/theSeanage",
        "key_color": "",
        "name": "t5_x98af",
        "is_default_banner": true,
        "url": "/user/theSeanage/",
        "quarantine": false,
        "banner_size": null,
        "user_is_moderator": null,
        "accept_followers": true,
        "public_description": "Software Architect - I\u2019m fascinated/obsessed with high performance and throughput.",
        "link_flair_enabled": false,
        "disable_contributor_requests": false,
        "subreddit_type": "user",
        "user_is_subscriber": null
    },
    "snoovatar_size": [
        380,
        600
    ],
    "awardee_karma": 0,
    "id": "3azlhy77",
    "verified": true,
    "is_gold": false,
    "is_mod": false,
    "awarder_karma": 0,
    "has_verified_email": true,
    "icon_img": "https://styles.redditmedia.com/t5_x98af/styles/profileIcon_snoo-nftv2_bmZ0X2VpcDE1NToxMzdfNDY2YTMzMDg4N2JkZjYyZDUzZjk2OGVhODI0NzkzMTUwZjA3NzYyZV84NzAxNg_rare_853f491a-9ae4-418f-8354-e8fa03a68426-headshot.png?width=256&amp;height=256&amp;crop=256:256,smart&amp;s=e0e08949bad2be577d8b242d1444579fb6ff0002",
    "hide_from_robots": false,
    "link_karma": 827,
    "is_blocked": false,
    "total_karma": 32234,
    "pref_show_snoovatar": false,
    "name": "theSeanage",
    "created": 1551202427.0,
    "created_utc": 1551202427.0,
    "snoovatar_img": "https://i.redd.it/snoovatar/avatars/nftv2_bmZ0X2VpcDE1NToxMzdfNDY2YTMzMDg4N2JkZjYyZDUzZjk2OGVhODI0NzkzMTUwZjA3NzYyZV84NzAxNg_rare_853f491a-9ae4-418f-8354-e8fa03a68426.png",
    "comment_karma": 31407,
    "accept_followers": true,
    "has_subscribed": true
}