{
    "is_employee": false,
    "is_friend": false,
    "subreddit": {
        "default_set": true,
        "user_is_contributor": null,
        "banner_img": "https://styles.redditmedia.com/t5_b3no1/styles/profileBanner_q3hvbk3obf1e1.jpeg?width=1280&amp;height=384&amp;crop=1280:384,smart&amp;s=ae344656df2f0ca95f6ab1c96a2880cb921a2e63",
        "allowed_media_in_comments": [],
        "user_is_banned": null,
        "free_form_reports": true,
        "community_icon": null,
        "show_media": true,
        "icon_color": "",
        "user_is_muted": null,
        "display_name": "u_ThortheAssGuardian",
        "header_img": null,
        "title": "Thor the Ass Guardian",
        "previous_names": [],
        "over_18": false,
        "icon_size": [
            256,
            256
        ],
        "primary_color": "",
        "icon_img": "https://styles.redditmedia.com/t5_b3no1/styles/profileIcon_snood345a6d9-e064-482f-a86e-e04780c4ac8f-headshot.png?width=256&amp;height=256&amp;crop=256:256,smart&amp;s=83fdacada86326c75b3f4ba4834f37f28c7a21e0",
        "description": "",
        "submit_link_label": "",
        "header_size": null,
        "restrict_posting": true,
        "restrict_commenting": false,
        "subscribers": 0,
        "submit_text_label": "",
        "is_default_icon": false,
        "link_flair_position": "",
        "display_name_prefixed": "u/ThortheAssGuardian",
        "key_color": "",
        "name": "t5_b3no1",
        "is_default_banner": false,
        "url": "/user/ThortheAssGuardian/",
        "quarantine": false,
        "banner_size": [
            1280,
            384
        ],
        "user_is_moderator": null,
        "accept_followers": true,
        "public_description": ".",
        "link_flair_enabled": false,
        "disable_contributor_requests": false,
        "subreddit_type": "user",
        "user_is_subscriber": null
    },
    "snoovatar_size": [
        380,
        600
    ],
    "awardee_karma": 0,
    "id": "il1kw",
    "verified": true,
    "is_gold": false,
    "is_mod": false,
    "awarder_karma": 0,
    "has_verified_email": true,
    "icon_img": "https://styles.redditmedia.com/t5_b3no1/styles/profileIcon_snood345a6d9-e064-482f-a86e-e04780c4ac8f-headshot.png?width=256&amp;height=256&amp;crop=256:256,smart&amp;s=83fdacada86326c75b3f4ba4834f37f28c7a21e0",
    "hide_from_robots": true,
    "link_karma": 685,
    "is_blocked": false,
    "total_karma": 44435,
    "pref_show_snoovatar": false,
    "name": "ThortheAssGuardian",
    "created": 1411750761.0,
    "created_utc": 1411750761.0,
    "snoovatar_img": "https://i.redd.it/snoovatar/avatars/d345a6d9-e064-482f-a86e-e04780c4ac8f.png",
    "comment_karma": 43750,
    "accept_followers": true,
    "has_subscribed": true
}