{
    "is_employee": false,
    "is_friend": false,
    "subreddit": {
        "default_set": true,
        "user_is_contributor": null,
        "banner_img": "",
        "allowed_media_in_comments": [],
        "user_is_banned": null,
        "free_form_reports": true,
        "community_icon": null,
        "show_media": true,
        "icon_color": "",
        "user_is_muted": null,
        "display_name": "u_TintedApostle",
        "header_img": null,
        "title": "",
        "previous_names": [],
        "over_18": false,
        "icon_size": [
            256,
            256
        ],
        "primary_color": "",
        "icon_img": "https://styles.redditmedia.com/t5_5ogi3w/styles/profileIcon_snoobb0fc370-16c0-4903-bc26-c7e12890719a-headshot.png?width=256&amp;height=256&amp;crop=256:256,smart&amp;s=c137fe3eda1a4bf6bb7b1398d01aa5ae58450d67",
        "description": "",
        "submit_link_label": "",
        "header_size": null,
        "restrict_posting": true,
        "restrict_commenting": false,
        "subscribers": 0,
        "submit_text_label": "",
        "is_default_icon": false,
        "link_flair_position": "",
        "display_name_prefixed": "u/TintedApostle",
        "key_color": "",
        "name": "t5_5ogi3w",
        "is_default_banner": true,
        "url": "/user/TintedApostle/",
        "quarantine": false,
        "banner_size": null,
        "user_is_moderator": null,
        "accept_followers": true,
        "public_description": "",
        "link_flair_enabled": false,
        "disable_contributor_requests": false,
        "subreddit_type": "user",
        "user_is_subscriber": null
    },
    "snoovatar_size": [
        380,
        600
    ],
    "awardee_karma": 0,
    "id": "ilyietxl",
    "verified": true,
    "is_gold": false,
    "is_mod": false,
    "awarder_karma": 0,
    "has_verified_email": true,
    "icon_img": "https://styles.redditmedia.com/t5_5ogi3w/styles/profileIcon_snoobb0fc370-16c0-4903-bc26-c7e12890719a-headshot.png?width=256&amp;height=256&amp;crop=256:256,smart&amp;s=c137fe3eda1a4bf6bb7b1398d01aa5ae58450d67",
    "hide_from_robots": true,
    "link_karma": 27104,
    "is_blocked": false,
    "total_karma": 3873561,
    "pref_show_snoovatar": false,
    "name": "TintedApostle",
    "created": 1642254101.0,
    "created_utc": 1642254101.0,
    "snoovatar_img": "https://i.redd.it/snoovatar/avatars/bb0fc370-16c0-4903-bc26-c7e12890719a.png",
    "comment_karma": 3846457,
    "accept_followers": true,
    "has_subscribed": true
}