{
    "is_employee": false,
    "is_friend": false,
    "subreddit": {
        "default_set": true,
        "user_is_contributor": null,
        "banner_img": "",
        "allowed_media_in_comments": [],
        "user_is_banned": null,
        "free_form_reports": true,
        "community_icon": null,
        "show_media": true,
        "icon_color": "",
        "user_is_muted": null,
        "display_name": "u_Tranquillo_Gato",
        "header_img": null,
        "title": "",
        "previous_names": [],
        "over_18": false,
        "icon_size": [
            256,
            256
        ],
        "primary_color": "",
        "icon_img": "https://styles.redditmedia.com/t5_fffl1/styles/profileIcon_snooe28447c7-e263-4fa6-937f-2eff68346a61-headshot.png?width=256&amp;height=256&amp;crop=256:256,smart&amp;s=de3b78f33cfa2edca9250b1fae99b56d5fafa8be",
        "description": "",
        "submit_link_label": "",
        "header_size": null,
        "restrict_posting": true,
        "restrict_commenting": false,
        "subscribers": 0,
        "submit_text_label": "",
        "is_default_icon": false,
        "link_flair_position": "",
        "display_name_prefixed": "u/Tranquillo_Gato",
        "key_color": "",
        "name": "t5_fffl1",
        "is_default_banner": true,
        "url": "/user/Tranquillo_Gato/",
        "quarantine": false,
        "banner_size": null,
        "user_is_moderator": null,
        "accept_followers": true,
        "public_description": "",
        "link_flair_enabled": false,
        "disable_contributor_requests": false,
        "subreddit_type": "user",
        "user_is_subscriber": null
    },
    "snoovatar_size": [
        380,
        600
    ],
    "awardee_karma": 0,
    "id": "vgx4737",
    "verified": true,
    "is_gold": false,
    "is_mod": false,
    "awarder_karma": 0,
    "has_verified_email": true,
    "icon_img": "https://styles.redditmedia.com/t5_fffl1/styles/profileIcon_snooe28447c7-e263-4fa6-937f-2eff68346a61-headshot.png?width=256&amp;height=256&amp;crop=256:256,smart&amp;s=de3b78f33cfa2edca9250b1fae99b56d5fafa8be",
    "hide_from_robots": false,
    "link_karma": 798,
    "is_blocked": false,
    "total_karma": 10322,
    "pref_show_snoovatar": false,
    "name": "Tranquillo_Gato",
    "created": 1517792194.0,
    "created_utc": 1517792194.0,
    "snoovatar_img": "https://i.redd.it/snoovatar/avatars/e28447c7-e263-4fa6-937f-2eff68346a61.png",
    "comment_karma": 9524,
    "accept_followers": true,
    "has_subscribed": true
}