{
    "is_employee": false,
    "is_friend": false,
    "subreddit": {
        "default_set": false,
        "user_is_contributor": null,
        "banner_img": "",
        "allowed_media_in_comments": [],
        "user_is_banned": null,
        "free_form_reports": true,
        "community_icon": null,
        "show_media": true,
        "icon_color": "",
        "user_is_muted": null,
        "display_name": "u_transneptuneobj",
        "header_img": null,
        "title": "",
        "previous_names": [],
        "over_18": true,
        "icon_size": [
            256,
            256
        ],
        "primary_color": "",
        "icon_img": "https://styles.redditmedia.com/t5_11dlpp/styles/profileIcon_snoo-nftv2_bmZ0X2VpcDE1NToxMzdfM2I0NzdhNmIxYmUyMzY2MjhiMDg4MzllMWU4Y2Y4YmE4ZDkzNTg5YV85OTc2Nw_rare_3b2b73e0-bf9b-4b69-9315-2f8933f9aafc-headshot.png?width=256&amp;height=256&amp;crop=256:256,smart&amp;s=da4d8210b610427d474769422a3a396ca62ce8fb",
        "description": "",
        "submit_link_label": "",
        "header_size": null,
        "restrict_posting": true,
        "restrict_commenting": false,
        "subscribers": 0,
        "submit_text_label": "",
        "is_default_icon": false,
        "link_flair_position": "",
        "display_name_prefixed": "u/transneptuneobj",
        "key_color": "",
        "name": "t5_11dlpp",
        "is_default_banner": true,
        "url": "/user/transneptuneobj/",
        "quarantine": false,
        "banner_size": null,
        "user_is_moderator": null,
        "accept_followers": true,
        "public_description": "",
        "link_flair_enabled": false,
        "disable_contributor_requests": false,
        "subreddit_type": "user",
        "user_is_subscriber": null
    },
    "snoovatar_size": [
        380,
        600
    ],
    "awardee_karma": 0,
    "id": "3ro4gbw8",
    "verified": true,
    "is_gold": false,
    "is_mod": false,
    "awarder_karma": 0,
    "has_verified_email": true,
    "icon_img": "https://styles.redditmedia.com/t5_11dlpp/styles/profileIcon_snoo-nftv2_bmZ0X2VpcDE1NToxMzdfM2I0NzdhNmIxYmUyMzY2MjhiMDg4MzllMWU4Y2Y4YmE4ZDkzNTg5YV85OTc2Nw_rare_3b2b73e0-bf9b-4b69-9315-2f8933f9aafc-headshot.png?width=256&amp;height=256&amp;crop=256:256,smart&amp;s=da4d8210b610427d474769422a3a396ca62ce8fb",
    "hide_from_robots": true,
    "link_karma": 4288,
    "is_blocked": false,
    "total_karma": 47857,
    "pref_show_snoovatar": false,
    "name": "transneptuneobj",
    "created": 1557802294.0,
    "created_utc": 1557802294.0,
    "snoovatar_img": "https://i.redd.it/snoovatar/avatars/nftv2_bmZ0X2VpcDE1NToxMzdfM2I0NzdhNmIxYmUyMzY2MjhiMDg4MzllMWU4Y2Y4YmE4ZDkzNTg5YV85OTc2Nw_rare_3b2b73e0-bf9b-4b69-9315-2f8933f9aafc.png",
    "comment_karma": 43569,
    "accept_followers": true,
    "has_subscribed": true
}