{
    "is_employee": false,
    "is_friend": false,
    "subreddit": {
        "default_set": false,
        "user_is_contributor": null,
        "banner_img": "https://styles.redditmedia.com/t5_adoseq/styles/profileBanner_hzalhvkuz47c1.jpeg?width=1280&amp;height=384&amp;crop=1280:384,smart&amp;s=23dffd6f92a8ee9df4748538cead67b657fb9328",
        "allowed_media_in_comments": [],
        "user_is_banned": null,
        "free_form_reports": true,
        "community_icon": null,
        "show_media": true,
        "icon_color": "",
        "user_is_muted": null,
        "display_name": "u_unclejrslaserbeams",
        "header_img": null,
        "title": "Uncle Jun'",
        "previous_names": [],
        "over_18": false,
        "icon_size": [
            256,
            256
        ],
        "primary_color": "",
        "icon_img": "https://styles.redditmedia.com/t5_adoseq/styles/profileIcon_6bs1ymrez47c1.jpeg?width=256&amp;height=256&amp;crop=256:256,smart&amp;s=3e68e9e6932160447330ef330f5360b77e7c451a",
        "description": "",
        "submit_link_label": "",
        "header_size": null,
        "restrict_posting": true,
        "restrict_commenting": false,
        "subscribers": 0,
        "submit_text_label": "",
        "is_default_icon": false,
        "link_flair_position": "",
        "display_name_prefixed": "u/unclejrslaserbeams",
        "key_color": "",
        "name": "t5_adoseq",
        "is_default_banner": false,
        "url": "/user/unclejrslaserbeams/",
        "quarantine": false,
        "banner_size": [
            1280,
            384
        ],
        "user_is_moderator": null,
        "accept_followers": true,
        "public_description": "I'm waiting like patience on a monument.",
        "link_flair_enabled": false,
        "disable_contributor_requests": false,
        "subreddit_type": "user",
        "user_is_subscriber": null
    },
    "snoovatar_size": null,
    "awardee_karma": 0,
    "id": "9k7s4n3y",
    "verified": true,
    "is_gold": false,
    "is_mod": false,
    "awarder_karma": 0,
    "has_verified_email": true,
    "icon_img": "https://styles.redditmedia.com/t5_adoseq/styles/profileIcon_6bs1ymrez47c1.jpeg?width=256&amp;height=256&amp;crop=256:256,smart&amp;s=3e68e9e6932160447330ef330f5360b77e7c451a",
    "hide_from_robots": false,
    "link_karma": 905,
    "is_blocked": false,
    "total_karma": 22659,
    "pref_show_snoovatar": false,
    "name": "unclejrslaserbeams",
    "created": 1702958840.0,
    "created_utc": 1702958840.0,
    "snoovatar_img": "",
    "comment_karma": 21754,
    "accept_followers": true,
    "has_subscribed": true
}