{
    "is_employee": false,
    "is_friend": false,
    "subreddit": {
        "default_set": true,
        "user_is_contributor": null,
        "banner_img": "",
        "allowed_media_in_comments": [],
        "user_is_banned": null,
        "free_form_reports": true,
        "community_icon": null,
        "show_media": true,
        "icon_color": "",
        "user_is_muted": null,
        "display_name": "u_UnusualAir1",
        "header_img": null,
        "title": "",
        "previous_names": [],
        "over_18": false,
        "icon_size": [
            256,
            256
        ],
        "primary_color": "",
        "icon_img": "https://styles.redditmedia.com/t5_7zw9s9/styles/profileIcon_snoo36fba1b4-c901-4881-bbc2-c82e2fe8bd36-headshot.png?width=256&amp;height=256&amp;crop=256:256,smart&amp;s=89c4e243cf3d2dd829601b027d5292976bebd911",
        "description": "",
        "submit_link_label": "",
        "header_size": null,
        "restrict_posting": true,
        "restrict_commenting": false,
        "subscribers": 0,
        "submit_text_label": "",
        "is_default_icon": false,
        "link_flair_position": "",
        "display_name_prefixed": "u/UnusualAir1",
        "key_color": "",
        "name": "t5_7zw9s9",
        "is_default_banner": true,
        "url": "/user/UnusualAir1/",
        "quarantine": false,
        "banner_size": null,
        "user_is_moderator": null,
        "accept_followers": true,
        "public_description": "I'm against nearly everything MAGA stands for.  I'm against nearly everything conservatives stand for.  Why?  The waiting line to hell is long enough without me in it.  :-)",
        "link_flair_enabled": false,
        "disable_contributor_requests": false,
        "subreddit_type": "user",
        "user_is_subscriber": null
    },
    "snoovatar_size": [
        380,
        600
    ],
    "awardee_karma": 0,
    "id": "w271wtl0",
    "verified": true,
    "is_gold": false,
    "is_mod": false,
    "awarder_karma": 0,
    "has_verified_email": true,
    "icon_img": "https://styles.redditmedia.com/t5_7zw9s9/styles/profileIcon_snoo36fba1b4-c901-4881-bbc2-c82e2fe8bd36-headshot.png?width=256&amp;height=256&amp;crop=256:256,smart&amp;s=89c4e243cf3d2dd829601b027d5292976bebd911",
    "hide_from_robots": false,
    "link_karma": 169825,
    "is_blocked": false,
    "total_karma": 429433,
    "pref_show_snoovatar": false,
    "name": "UnusualAir1",
    "created": 1677761685.0,
    "created_utc": 1677761685.0,
    "snoovatar_img": "https://i.redd.it/snoovatar/avatars/36fba1b4-c901-4881-bbc2-c82e2fe8bd36.png",
    "comment_karma": 259608,
    "accept_followers": true,
    "has_subscribed": true
}