{
    "is_employee": false,
    "is_friend": false,
    "subreddit": {
        "default_set": true,
        "user_is_contributor": null,
        "banner_img": "",
        "allowed_media_in_comments": [],
        "user_is_banned": null,
        "free_form_reports": true,
        "community_icon": null,
        "show_media": true,
        "icon_color": "",
        "user_is_muted": null,
        "display_name": "u_Vegtam1297",
        "header_img": null,
        "title": "",
        "previous_names": [],
        "over_18": true,
        "icon_size": [
            256,
            256
        ],
        "primary_color": "",
        "icon_img": "https://styles.redditmedia.com/t5_2g2wws/styles/profileIcon_snoo8d4aa28d-9e1a-497e-a4a3-2e56ce240391-headshot.png?width=256&amp;height=256&amp;crop=256:256,smart&amp;s=21ec3ce8d3c700cbf4717ef1fd3b5494a3356125",
        "description": "",
        "submit_link_label": "",
        "header_size": null,
        "restrict_posting": true,
        "restrict_commenting": false,
        "subscribers": 0,
        "submit_text_label": "",
        "is_default_icon": false,
        "link_flair_position": "",
        "display_name_prefixed": "u/Vegtam1297",
        "key_color": "",
        "name": "t5_2g2wws",
        "is_default_banner": true,
        "url": "/user/Vegtam1297/",
        "quarantine": false,
        "banner_size": null,
        "user_is_moderator": null,
        "accept_followers": true,
        "public_description": "",
        "link_flair_enabled": false,
        "disable_contributor_requests": false,
        "subreddit_type": "user",
        "user_is_subscriber": null
    },
    "snoovatar_size": [
        380,
        600
    ],
    "awardee_karma": 0,
    "id": "58j5rtt9",
    "verified": true,
    "is_gold": false,
    "is_mod": false,
    "awarder_karma": 0,
    "has_verified_email": true,
    "icon_img": "https://styles.redditmedia.com/t5_2g2wws/styles/profileIcon_snoo8d4aa28d-9e1a-497e-a4a3-2e56ce240391-headshot.png?width=256&amp;height=256&amp;crop=256:256,smart&amp;s=21ec3ce8d3c700cbf4717ef1fd3b5494a3356125",
    "hide_from_robots": false,
    "link_karma": 14,
    "is_blocked": false,
    "total_karma": 14306,
    "pref_show_snoovatar": false,
    "name": "Vegtam1297",
    "created": 1582407913.0,
    "created_utc": 1582407913.0,
    "snoovatar_img": "https://i.redd.it/snoovatar/avatars/8d4aa28d-9e1a-497e-a4a3-2e56ce240391.png",
    "comment_karma": 14292,
    "accept_followers": true,
    "has_subscribed": true
}