{
    "is_employee": false,
    "is_friend": false,
    "subreddit": {
        "default_set": true,
        "user_is_contributor": null,
        "banner_img": "",
        "allowed_media_in_comments": [],
        "user_is_banned": null,
        "free_form_reports": true,
        "community_icon": null,
        "show_media": true,
        "icon_color": "",
        "user_is_muted": null,
        "display_name": "u_wemmettb",
        "header_img": null,
        "title": "",
        "previous_names": [],
        "over_18": false,
        "icon_size": [
            256,
            256
        ],
        "primary_color": "",
        "icon_img": "https://styles.redditmedia.com/t5_bpj3t/styles/profileIcon_awqhyjxkib251.PNG?width=256&amp;height=256&amp;crop=256:256,smart&amp;s=5164dcab49376c90d765cb155d48e0b34986c93b",
        "description": "",
        "submit_link_label": "",
        "header_size": null,
        "restrict_posting": true,
        "restrict_commenting": false,
        "subscribers": 0,
        "submit_text_label": "",
        "is_default_icon": false,
        "link_flair_position": "",
        "display_name_prefixed": "u/wemmettb",
        "key_color": "",
        "name": "t5_bpj3t",
        "is_default_banner": true,
        "url": "/user/wemmettb/",
        "quarantine": false,
        "banner_size": null,
        "user_is_moderator": null,
        "accept_followers": true,
        "public_description": "",
        "link_flair_enabled": false,
        "disable_contributor_requests": false,
        "subreddit_type": "user",
        "user_is_subscriber": null
    },
    "snoovatar_size": null,
    "awardee_karma": 0,
    "id": "cdf6w",
    "verified": true,
    "is_gold": false,
    "is_mod": false,
    "awarder_karma": 0,
    "has_verified_email": true,
    "icon_img": "https://styles.redditmedia.com/t5_bpj3t/styles/profileIcon_awqhyjxkib251.PNG?width=256&amp;height=256&amp;crop=256:256,smart&amp;s=5164dcab49376c90d765cb155d48e0b34986c93b",
    "hide_from_robots": false,
    "link_karma": 10430,
    "is_blocked": false,
    "total_karma": 24584,
    "pref_show_snoovatar": false,
    "name": "wemmettb",
    "created": 1373791484.0,
    "created_utc": 1373791484.0,
    "snoovatar_img": "",
    "comment_karma": 14154,
    "accept_followers": true,
    "has_subscribed": true
}