{
    "is_employee": false,
    "is_friend": false,
    "subreddit": {
        "default_set": false,
        "user_is_contributor": null,
        "banner_img": "",
        "allowed_media_in_comments": [],
        "user_is_banned": null,
        "free_form_reports": true,
        "community_icon": null,
        "show_media": true,
        "icon_color": "",
        "user_is_muted": null,
        "display_name": "u_Whyeth",
        "header_img": null,
        "title": "",
        "previous_names": [],
        "over_18": false,
        "icon_size": [
            256,
            256
        ],
        "primary_color": "",
        "icon_img": "https://styles.redditmedia.com/t5_djery/styles/profileIcon_snoo4706c580-cded-47df-b7c3-182909ddfdac-headshot-f.png?width=256&amp;height=256&amp;crop=256:256,smart&amp;s=30cce18893daefd267d219bdc0ba3d371992222b",
        "description": "",
        "submit_link_label": "",
        "header_size": null,
        "restrict_posting": true,
        "restrict_commenting": false,
        "subscribers": 0,
        "submit_text_label": "",
        "is_default_icon": false,
        "link_flair_position": "",
        "display_name_prefixed": "u/Whyeth",
        "key_color": "",
        "name": "t5_djery",
        "is_default_banner": true,
        "url": "/user/Whyeth/",
        "quarantine": false,
        "banner_size": null,
        "user_is_moderator": null,
        "accept_followers": false,
        "public_description": "",
        "link_flair_enabled": false,
        "disable_contributor_requests": false,
        "subreddit_type": "user",
        "user_is_subscriber": null
    },
    "snoovatar_size": [
        380,
        600
    ],
    "awardee_karma": 0,
    "id": "3u8qy",
    "verified": true,
    "is_gold": false,
    "is_mod": false,
    "awarder_karma": 0,
    "has_verified_email": true,
    "icon_img": "https://styles.redditmedia.com/t5_djery/styles/profileIcon_snoo4706c580-cded-47df-b7c3-182909ddfdac-headshot-f.png?width=256&amp;height=256&amp;crop=256:256,smart&amp;s=30cce18893daefd267d219bdc0ba3d371992222b",
    "hide_from_robots": true,
    "link_karma": 170,
    "is_blocked": false,
    "total_karma": 220179,
    "pref_show_snoovatar": false,
    "name": "Whyeth",
    "created": 1264115279.0,
    "created_utc": 1264115279.0,
    "snoovatar_img": "https://i.redd.it/snoovatar/avatars/4706c580-cded-47df-b7c3-182909ddfdac.png",
    "comment_karma": 220009,
    "accept_followers": false,
    "has_subscribed": true
}