{
    "is_employee": false,
    "is_friend": false,
    "subreddit": {
        "default_set": true,
        "user_is_contributor": null,
        "banner_img": "",
        "allowed_media_in_comments": [],
        "user_is_banned": null,
        "free_form_reports": true,
        "community_icon": null,
        "show_media": true,
        "icon_color": "",
        "user_is_muted": null,
        "display_name": "u_WySLatestWit",
        "header_img": null,
        "title": "",
        "previous_names": [],
        "over_18": false,
        "icon_size": [
            256,
            256
        ],
        "primary_color": "",
        "icon_img": "https://i.redd.it/snoovatar/avatars/11e4e914-942d-4fbb-964b-57de02a6c3ac-headshot.png",
        "description": "",
        "submit_link_label": "",
        "header_size": null,
        "restrict_posting": true,
        "restrict_commenting": false,
        "subscribers": 0,
        "submit_text_label": "",
        "is_default_icon": false,
        "link_flair_position": "",
        "display_name_prefixed": "u/WySLatestWit",
        "key_color": "",
        "name": "t5_d8ms6m",
        "is_default_banner": true,
        "url": "/user/WySLatestWit/",
        "quarantine": false,
        "banner_size": null,
        "user_is_moderator": null,
        "accept_followers": true,
        "public_description": "Contact at wyatta1987@gmail.com, \n\n",
        "link_flair_enabled": false,
        "disable_contributor_requests": false,
        "subreddit_type": "user",
        "user_is_subscriber": null
    },
    "snoovatar_size": [
        380,
        600
    ],
    "awardee_karma": 0,
    "id": "1g3va6zf0a",
    "verified": true,
    "is_gold": false,
    "is_mod": true,
    "awarder_karma": 0,
    "has_verified_email": true,
    "icon_img": "https://i.redd.it/snoovatar/avatars/11e4e914-942d-4fbb-964b-57de02a6c3ac-headshot.png",
    "hide_from_robots": false,
    "link_karma": 4640,
    "is_blocked": false,
    "total_karma": 320413,
    "pref_show_snoovatar": false,
    "name": "WySLatestWit",
    "created": 1735568833.0,
    "created_utc": 1735568833.0,
    "snoovatar_img": "https://i.redd.it/snoovatar/avatars/11e4e914-942d-4fbb-964b-57de02a6c3ac.png",
    "comment_karma": 315773,
    "accept_followers": true,
    "has_subscribed": true
}