{
    "is_employee": false,
    "is_friend": false,
    "subreddit": {
        "default_set": true,
        "user_is_contributor": null,
        "banner_img": "",
        "allowed_media_in_comments": [],
        "user_is_banned": null,
        "free_form_reports": true,
        "community_icon": null,
        "show_media": true,
        "icon_color": "",
        "user_is_muted": null,
        "display_name": "u_YupNopeWelp",
        "header_img": null,
        "title": "",
        "previous_names": [],
        "over_18": false,
        "icon_size": [
            256,
            256
        ],
        "primary_color": "",
        "icon_img": "https://styles.redditmedia.com/t5_7llcub/styles/profileIcon_snoo702a08ea-3a2b-4977-9706-1a43336b11c6-headshot.png?width=256&amp;height=256&amp;crop=256:256,smart&amp;s=32206d8ae8a281f8f4bc47aa850001340bbd6630",
        "description": "",
        "submit_link_label": "",
        "header_size": null,
        "restrict_posting": true,
        "restrict_commenting": false,
        "subscribers": 0,
        "submit_text_label": "",
        "is_default_icon": false,
        "link_flair_position": "",
        "display_name_prefixed": "u/YupNopeWelp",
        "key_color": "",
        "name": "t5_7llcub",
        "is_default_banner": true,
        "url": "/user/YupNopeWelp/",
        "quarantine": false,
        "banner_size": null,
        "user_is_moderator": null,
        "accept_followers": false,
        "public_description": "No DMs.",
        "link_flair_enabled": false,
        "disable_contributor_requests": false,
        "subreddit_type": "user",
        "user_is_subscriber": null
    },
    "snoovatar_size": [
        380,
        600
    ],
    "awardee_karma": 0,
    "id": "utkz6013",
    "verified": true,
    "is_gold": false,
    "is_mod": false,
    "awarder_karma": 0,
    "has_verified_email": true,
    "icon_img": "https://styles.redditmedia.com/t5_7llcub/styles/profileIcon_snoo702a08ea-3a2b-4977-9706-1a43336b11c6-headshot.png?width=256&amp;height=256&amp;crop=256:256,smart&amp;s=32206d8ae8a281f8f4bc47aa850001340bbd6630",
    "hide_from_robots": true,
    "link_karma": 2308,
    "is_blocked": false,
    "total_karma": 201966,
    "pref_show_snoovatar": false,
    "name": "YupNopeWelp",
    "created": 1671291899.0,
    "created_utc": 1671291899.0,
    "snoovatar_img": "https://i.redd.it/snoovatar/avatars/702a08ea-3a2b-4977-9706-1a43336b11c6.png",
    "comment_karma": 199658,
    "accept_followers": false,
    "has_subscribed": true
}