{
    "is_employee": false,
    "is_friend": false,
    "subreddit": {
        "default_set": false,
        "user_is_contributor": null,
        "banner_img": "https://styles.redditmedia.com/t5_3y14sz/styles/profileBanner_0qp6gnh1syic1.jpg?width=1280&amp;height=384&amp;crop=1280:384,smart&amp;s=1f53452d481a7e7b39312f8dc9833048a2dbe6e8",
        "allowed_media_in_comments": [],
        "user_is_banned": null,
        "free_form_reports": true,
        "community_icon": null,
        "show_media": true,
        "icon_color": "",
        "user_is_muted": null,
        "display_name": "u_zenny517",
        "header_img": null,
        "title": "",
        "previous_names": [],
        "over_18": false,
        "icon_size": [
            256,
            256
        ],
        "primary_color": "",
        "icon_img": "https://styles.redditmedia.com/t5_3y14sz/styles/profileIcon_4dipglhtpu7f1.png?width=256&amp;height=256&amp;crop=256:256,smart&amp;s=c1bba1990e7494b905ffe1695cb620954a8cf2b4",
        "description": "",
        "submit_link_label": "",
        "header_size": null,
        "restrict_posting": true,
        "restrict_commenting": false,
        "subscribers": 0,
        "submit_text_label": "",
        "is_default_icon": false,
        "link_flair_position": "",
        "display_name_prefixed": "u/zenny517",
        "key_color": "",
        "name": "t5_3y14sz",
        "is_default_banner": false,
        "url": "/user/zenny517/",
        "quarantine": false,
        "banner_size": [
            1280,
            384
        ],
        "user_is_moderator": null,
        "accept_followers": true,
        "public_description": "",
        "link_flair_enabled": false,
        "disable_contributor_requests": false,
        "subreddit_type": "user",
        "user_is_subscriber": null
    },
    "snoovatar_size": null,
    "awardee_karma": 0,
    "id": "aaudnzi9",
    "verified": true,
    "is_gold": false,
    "is_mod": true,
    "awarder_karma": 0,
    "has_verified_email": true,
    "icon_img": "https://styles.redditmedia.com/t5_3y14sz/styles/profileIcon_4dipglhtpu7f1.png?width=256&amp;height=256&amp;crop=256:256,smart&amp;s=c1bba1990e7494b905ffe1695cb620954a8cf2b4",
    "hide_from_robots": true,
    "link_karma": 158,
    "is_blocked": false,
    "total_karma": 13889,
    "pref_show_snoovatar": false,
    "name": "zenny517",
    "created": 1613068954.0,
    "created_utc": 1613068954.0,
    "snoovatar_img": "",
    "comment_karma": 13731,
    "accept_followers": true,
    "has_subscribed": true
}