{
    "is_employee": false,
    "is_friend": false,
    "subreddit": {
        "default_set": true,
        "user_is_contributor": null,
        "banner_img": "https://styles.redditmedia.com/t5_5x04i/styles/profileBanner_yroli7w2hjdc1.jpeg?width=1280&amp;height=384&amp;crop=1280:384,smart&amp;s=29ba3de6249061261c23e61a7974da4e2db431ad",
        "allowed_media_in_comments": [],
        "user_is_banned": null,
        "free_form_reports": true,
        "community_icon": null,
        "show_media": true,
        "icon_color": "",
        "user_is_muted": null,
        "display_name": "u_zippopwnage",
        "header_img": null,
        "title": "Ivy",
        "previous_names": [],
        "over_18": false,
        "icon_size": [
            256,
            256
        ],
        "primary_color": "",
        "icon_img": "https://styles.redditmedia.com/t5_5x04i/styles/profileIcon_snoo-nftv2_bmZ0X2VpcDE1NToxMzdfNmFjYjhmYjgyODgwZDM5YzJiODQ0NmY4Nzc4YTE0ZDM0ZWU2Y2ZiN18xNTEwMA_rare_7635cd9f-ba66-4bba-827c-667f109c2c40-headshot.png?width=256&amp;height=256&amp;crop=256:256,smart&amp;s=bfbe11d4dd1baf84d2a436ed462b20facb2f3bfa",
        "description": "",
        "submit_link_label": "",
        "header_size": null,
        "restrict_posting": true,
        "restrict_commenting": false,
        "subscribers": 0,
        "submit_text_label": "",
        "is_default_icon": false,
        "link_flair_position": "",
        "display_name_prefixed": "u/zippopwnage",
        "key_color": "",
        "name": "t5_5x04i",
        "is_default_banner": false,
        "url": "/user/zippopwnage/",
        "quarantine": false,
        "banner_size": [
            1280,
            384
        ],
        "user_is_moderator": null,
        "accept_followers": true,
        "public_description": "yes",
        "link_flair_enabled": false,
        "disable_contributor_requests": false,
        "subreddit_type": "user",
        "user_is_subscriber": null
    },
    "snoovatar_size": [
        380,
        600
    ],
    "awardee_karma": 0,
    "id": "hl123yi",
    "verified": true,
    "is_gold": false,
    "is_mod": false,
    "awarder_karma": 0,
    "has_verified_email": true,
    "icon_img": "https://styles.redditmedia.com/t5_5x04i/styles/profileIcon_snoo-nftv2_bmZ0X2VpcDE1NToxMzdfNmFjYjhmYjgyODgwZDM5YzJiODQ0NmY4Nzc4YTE0ZDM0ZWU2Y2ZiN18xNTEwMA_rare_7635cd9f-ba66-4bba-827c-667f109c2c40-headshot.png?width=256&amp;height=256&amp;crop=256:256,smart&amp;s=bfbe11d4dd1baf84d2a436ed462b20facb2f3bfa",
    "hide_from_robots": false,
    "link_karma": 48567,
    "is_blocked": false,
    "total_karma": 245742,
    "pref_show_snoovatar": false,
    "name": "zippopwnage",
    "created": 1508185222.0,
    "created_utc": 1508185222.0,
    "snoovatar_img": "https://i.redd.it/snoovatar/avatars/nftv2_bmZ0X2VpcDE1NToxMzdfNmFjYjhmYjgyODgwZDM5YzJiODQ0NmY4Nzc4YTE0ZDM0ZWU2Y2ZiN18xNTEwMA_rare_7635cd9f-ba66-4bba-827c-667f109c2c40.png",
    "comment_karma": 197175,
    "accept_followers": true,
    "has_subscribed": true
}